OT,FR,AA,IR,RU,O,ICA,PT,ICC,AL,CL,MT,EW,CL_2V_2A
60,40,4.5,85.52915767,0,14.47084233,3,1.4,10,2,0.025,50,1100,0
90,2,5,85.52915767,0,14.47084233,0.5,30,0.5,4.276457883,0.8,125,1100,0
70,2,5,85.52915767,0,14.47084233,0.5,50,0.5,2,0.3,120,870,1
60,100,5.29,100,0,0,4.545454545,100,3,0.55,0.5,175,1100,0
80,60,25,0,37.7,23.7,0.556458005,30,0.440651046,3,0.7,125,1100,0
80,1.5,5,40,0,0,0.281176263,46,0.546633737,0.4,0.184,50,1100,0
80,9.1,5,85.52915767,0,14.47084233,0.052631579,46.7,0.428571429,1.000691145,0.1,25,1100,1
58,2,25,85.52915767,0,14.47084233,0.436633416,63.88676437,0.184765936,2.138228942,0.8,175,1100,0
110,34.15885438,4,51.42857143,0,24.59807287,0.176470588,100,0.176470588,0.462857143,0.5,175,1100,0
25,50,4,85.52915767,0,14.47084233,0.052631579,20,0.428571429,0.38,0.2,50,1100,0
80,9.267659843,1,51.317496,0,24.702,0.176470588,20,0.176470588,1.02634992,0.5,125,1100,0
60,25,4,85.52915767,0,14.47084233,0.15,40,0.2,1.282937365,0.6,175,1100,0
55,131.8694592,120,100,0,0,0.492142612,100,3.362664391,1,0.9,125,1100,1
80,40,3.645,85.52915767,0,14.47084233,0.33,40,0.33,2.5,0.5,175,1100,0
80,4,5,74.37742114,16.76812396,8.854454898,0.176470588,40,0.388888889,0.3,0.1,50,980,1
80,20,5,74.37742114,16.76812396,8.854454898,0,100,0,2.734366353,0.193,125,1100,1
120,15,6.25,85.52915767,0,14.47084233,0.045069975,46.3,0.417307997,0.085529158,0.4,50,1100,1
40,2,5,74.37742114,16.76812396,8.854454898,0.25,30,0.5,1.5,0.4,120,870,1
80,50,4,85.52915767,0,14.47084233,0.33,40,0.33,1.710583153,0.5,50,1100,1
60,25,4,85.52915767,0,14.47084233,0.15,40,0.2,0.641468683,0.6,175,1100,0
80,1.5,5,100,0,0,0.374007744,46,0.624647855,1,0.184,50,1100,0
80,77.42553304,19.99378136,85.52915767,0,14.47084233,2.5,20,1.384231215,0.171058315,0.738396482,175,1100,0
60,12.7087867,5,85.52915767,0,14.47084233,0.25,40,0.5,0.4,0.1,90,980,1
60,1.525835128,5,74.37742114,16.76812396,8.854454898,0.176,30,0.333,0.36458218,0.1,90,980,1
80,4,5,74.37742114,16.76812396,8.854454898,0.2,30,0.3,1.367183177,0.1,90,1000,1
80,3,1,38.48805,0,17.7521,0.146996111,40,0.317235791,0.288660375,0.2,50,1100,1
90,4.41005401,5,74.37742114,16.76812396,8.854454898,0.176,30,0.333,0.36458218,0.1,90,980,1
60,270,48.70743937,85.52915767,0,14.47084233,1.81430178,66.99913458,1.664700164,0.256587473,0.5,175,1100,0
80,10.30096611,5,85.52915767,0,14.47084233,0.25,40,0.5,0.4,0.1,90,980,1
80,25,17.64,85.52915767,0,14.47084233,0.176470588,60,0.176470588,1.881641469,0.8,175,1100,1
90,16.06912344,7,100,0,0,0.367998738,40,0.690019981,2,0.8,125,1100,1
60,270,47.54916178,85.52915767,0,14.47084233,1.629301042,64.40594124,1.510509545,0.256587473,0.5,175,1100,0
50,60,25,0,75.66401816,24.33598184,0.954702409,0,0.950891886,2.269920545,0.7,125,1100,0
80,233.5519686,55.55647342,85.52915767,0,14.47084233,1.128877212,100,3.166666667,0.1,0.737582154,194.3525803,1100,0
45,10,20,100,0,0,0.667,100,0.428571429,1.5,1,88,1100,0
60,270,45.42261772,85.52915767,0,14.47084233,2.281361303,60.9980463,1.796126311,0.256587473,0.5,175,1100,0
80,25,17.64,85.52915767,0,14.47084233,0.176470588,60,0.176470588,1.881641469,0.8,175,1100,1
80,13.93423115,1,51.4286,0,17.0646,0.176470588,20,0.176470588,1.028572,0.5,125,1100,0
30,60,25,0,75.66401816,24.33598184,0.991478011,0,0.895946091,2.269920545,0.7,125,1100,0
80,3,1,38.48805,0,17.7521,0.160804695,40,0.317185376,0.288660375,0.2,50,1100,1
60,44.82585946,25,79.37854279,2.460646234,15.82845943,1.425,46.1,0.37,1.227587835,0.4,175,1100,0
70,3.070466907,5,74.37742114,16.76812396,8.854454898,0.176,30,0.333,0.36458218,0.1,90,980,1
80,2,5.096994823,85.52915767,0,14.47084233,0.5,30,0.5,4.276457883,0.8,125,1089.811597,1
90,15,4,85.52915767,0,14.47084233,0,46.3,0.438682321,0.462011404,0.4,50.8,1100,0
60,25,4,85.52915767,0,14.47084233,0.15,40,0.2,0.855291577,0.6,175,1100,0
80,6,1,100,0,0,0.281309906,20,0.550190187,2,0.5,125,1100,0
40,1,5,74.37742114,16.76812396,8.854454898,0.176470588,40,0.388888889,1.5,0.1,90,980,1
90,1,5,74.37742114,16.76812396,8.854454898,0.176470588,40,0.388888889,1.5,0.1,90,980,1
80,3,1,38.48805,0,17.7521,0.142857143,40,0.333,0.288660375,0.2,50,1099.293143,1
80,2,5,85.52915767,0,14.47084233,0.5,50,0.5,2,0.3,125,1100,1
30,2,5,74.37742114,16.76812396,8.854454898,0.25,30,0.5,1.5,0.4,120,870,1
40,100,5.29,100,0,0,4.545454545,100,3,0.55,0.5,175,1100,0
120,3.33,6.25,85.52915767,0,14.47084233,0.5,40,0.5,1.710583153,2,70,206.185567,1
90,15,4,85.52915767,0,14.47084233,0,46.3,0.361993039,0.04663905,0.4,50.8,1100,1
80,40,3.645,51.42857143,0,15.97069593,0.283960741,40,0.324856585,0.514285714,0.5,175,1100,0
60,33.90006521,25,85.52915767,0,14.47084233,0.283335103,100,0.431226105,0.855291577,0.3,125,1100,0
80,46.54984771,4,0,75.66401816,24.33598184,0.33,40,0.33,1.930846742,0.549794743,125,1100,1
80,50,4,85.52915767,0,14.47084233,0.428571429,20,0.428571429,0.38,0.2,50,1100,1
80,4,11.24049197,25.6587473,0,32.341,0.5,30,0.5,0.256587473,1,125,1100,0
70,100,25,100,0,0,1.424291924,100,5.631522138,2,1,175,1100,0
80,40,4,85.52915767,0,14.47084233,0.22,60,1,1.282937365,0.3,125,1100,1
80,5.411068459,4,100,0,0,0.15,20,0.5,5,0.3,125,1100,1
60,5.88203717,5,100,0,0,0.25,40,0.5,0.4,0.1,90,980,0
80,40,4,85.52915767,0,14.47084233,0.22,60,1,1.282937365,0.3,125,1100,1
100,3.33,6.25,85.52915767,0,14.47084233,0.5,40,0.5,1.710583153,2,70,206.185567,1
80,133.8868696,50,74.57142857,0,17.63723082,0.52331276,56.65162919,1.630061366,1.491428571,0.4,125,1100,1
30,60,25,0,75.66401816,24.33598184,0.923948621,0,0.894820447,2.269920545,0.7,125,1100,0
80,2,5,85.52915767,0,14.47084233,0.5,30,0.5,4.276457883,0.8,125,1100,0
80,4,5,74.37742114,16.76812396,8.854454898,0.176470588,40,0.388888889,0.3,0.1,50,980,1
80,5,5,75,0,17.5,0.13,4.8,0.25,3.97,0.025,50,1100,1
80,50,4,85.52915767,0,14.47084233,0.33,40,0.33,3.421166307,2,50,1100,1
80,5,5,75,0,16.78919732,0.131221719,46.7,0.6,2,0.35,50,1100,1
80,4,5,74.37742114,16.76812396,8.854454898,0.25,30,0.5,1.367183177,0.5,105,1031,1
22,0.166666667,5,74.37742114,16.76812396,8.854454898,0.25,0,0.25,2.734366353,0,125,1100,0
100,3.33,6.25,85.52915767,0,14.47084233,0.5,40,0.5,1.710583153,2,120,870,1
80,18.36534503,5,59,0,16,1.25,40,1.5,0.5,0.4,125,1100,1
80,25,17.64,85.52915767,0,14.47084233,0.348193311,60.56907602,0.26292885,2.25,0.8,175,1100,1
60,270,48.37084145,85.52915767,0,14.47084233,1.671619117,63.72813147,1.639070353,0.256587473,0.5,175,1100,0
120,15,6.25,85.52915767,0,14.47084233,0,46.5,0.430129594,0.885714298,0.4,50,1100,1
90,3.33,6.25,85.52915767,0,14.47084233,0.5,40,0.5,1.710583153,2,120,870,1
80,5,5,75,0,17.61955664,0.25,45.8,0.25,1.75,0.2,50,1100,1
80,50,25,85.73,0,14.27,0.33,60,0.25,0.013,0.8,175,1100,1
80,4,5,74.37742114,16.76812396,8.854454898,0.25,30,0.5,1.367183177,0.5,105,1219.5,1
90,15,4,85.52915767,0,14.47084233,0,46.3,0.37254426,0.085546263,0.4,50.8,1100,1
80,112.2360681,50,21.42857143,0,33.62138663,0.589995467,65.19172916,1.40445547,0.428571429,0.4,125,1100,1
27.5,3.33,6.25,85.52915767,0,14.47084233,0.5,40,0.5,1.710583153,2,120,870,0
60,60,25,0,60.3,23.9,0.651617251,30,0.352986376,3,0.7,125,1100,0
30,10,20,100,0,0,0.428571429,100,0.428571429,1.5,1,125,1100,0
80,5,5,75,0,16.57390417,0.131221719,46.7,0.6,2,0.35,50,1100,1
80,5,5,75,0,17.61955664,0.25,45.8,0.25,1.75,0.2,50,1100,1
55,178.7214194,120,100,0,0,0.599944605,100,4.727635529,1,0.9,125,1100,0
120,2,5.214930901,85.52915767,0,14.47084233,0.5,30,0.5,4.276457883,0.8,125,1104.744499,0
80,25,17.64,85.52915767,0,14.47084233,0.392512756,58.91114485,0.280061335,2.25,0.8,175,1100,1
80,23.18781906,8,85.52915767,0,14.47084233,0.052631579,20,0.547779252,0.230928726,0.31848447,50,1100,1
80,40,3.645,34.28571429,0,15.0234511,0.336870784,40,0.269741992,0.342857143,0.5,175,1100,0
50,9.884736133,5,100,0,0,0.25,40,0.5,0.4,0.1,90,980,0
70,4,5,44.62645268,10.06087438,5.312672939,0.176470588,40,0.388888889,0.4,0.1,50,980,1
80,40,3.645,34.28571429,0,16.81318675,0.302852659,40,0.225395849,0.342857143,0.5,175,1100,0
90,15,6.25,85.52915767,0,14.47084233,0.024426311,46.3,0.408384648,0.085529158,0.4,50,1100,1
100,75,50,100,0,0,0,100,0,0.25,0.25,50,825,0
60,33,25,85.52915767,0,14.47084233,0.352622458,100,0.304951422,1.702030238,1.31,175,1100,1
50,300,25,85.52915767,0,14.47084233,0.15,100,0.15,0.085529158,0,175,1100,0
50,300,25,85.52915767,0,14.47084233,0.15,100,0.15,2.56587473,0.2,175,1100,0
40,0.836984731,5,74.37742114,16.76812396,8.854454898,0.176,30,0.333,0.36458218,0.1,90,980,1
80,40,3.645,57.84506658,0,9.631203586,0.33,40,0.33,2.5,0.5,175,1100,0
30,10,20,100,0,0,0.25,100,0.428571429,1.5,1,88,1100,0
30,10,20,100,0,0,0.428571429,100,0.428571429,1,1,88,1100,0
30,10,20,100,0,0,0.111111111,100,0.428571429,1.5,1,88,1100,0
80,5,5,75,0,17.5,0.13,4.8,0.25,1.58,0.025,50,1100,1
90,37.15090098,4,51.42857143,0,24.59807287,0.176470588,100,0.176470588,0.462857143,0.5,175,1100,0
40,60,25,0,75.66401816,24.33598184,0.939546062,0,0.915370663,2.269920545,0.7,125,1100,0
80,9.1,5,85.52915767,0,14.47084233,0.052631579,46.7,0.428571429,1.000691145,0.1,25,1100,1
50,2,5,74.37742114,16.76812396,8.854454898,0.25,30,0.5,1.5,0.4,120,870,1
120,15,6.25,85.52915767,0,14.47084233,0,46.5,0.550215476,0.086718013,0.4,50,1100,0
80,250,86,0,0,0,0,68,0,0.15,0.15,175,1100,0
80,500,29.16,85.52915767,0,14.47084233,1.164343559,100,5.153302107,2.03,1.05,79.5,869.5652174,0
80,222.2528809,82.85003303,98.3,0,0,1.359309054,100,3.166666667,0.1,0.704505202,153.2730029,1100,1
80,3.333333333,25,85.52915767,0,14.47084233,0.11,46,0.35,1.462548596,0.15,125,1100,1
80,20,5,74.37742114,16.76812396,8.854454898,0,100,0,2.734366353,0.051,125,1100,1
60,270,46.628956,85.52915767,0,14.47084233,1.664678144,63.55320148,1.524590647,0.256587473,0.5,175,1100,0
60,20,5,74.37742114,16.76812396,8.854454898,0.230951622,100,0.327786126,2.734366353,3,125,1100,1
60,270,48.85327592,85.52915767,0,14.47084233,1.646253841,65.14367413,1.68144379,0.256587473,0.5,175,1100,0
25,0.176042236,5,74.37742114,16.76812396,8.854454898,0.176,30,0.333,0.36458218,0.1,90,980,1
60,79.57353151,25,79.37854279,2.460646234,15.82845943,1.425,46.1,0.37,1.227587835,0.4,175,1100,0
25,18.37904887,5,74.63556851,9.815354713,15.54907677,0.111111111,46.1,0.369863014,2.111273081,0.4,125,1100,0
80,7,4,0,39.10927536,22.95889891,0.299340305,40,0.472441305,1.173278261,0.6,125,1100,0
100,75,50,100,0,0,0,100,0,0.25,0.25,50,825,1
80,3,1,42.76457883,0,17.851,0.33,40,0.33,0.320734341,0.2,50,1100,1
90,2,5,85.52915767,0,14.47084233,0.5,30,0.5,4.276457883,0.8,125,1100,0
80,20,5,74.37742114,16.76812396,8.854454898,0,20,0,2.734366353,0.2,125,1100,0
60,1,5,74.37742114,16.76812396,8.854454898,0.176470588,40,0.388888889,1.5,0.1,90,980,1
50,60,25,0,83.55,16.45,1.093165594,0,0.943999767,2.5065,0.7,125,1100,0
70,60,25,0,83.55,16.45,1.209403102,0,0.949670782,2.5065,0.7,125,1100,0
80,28.71932958,8,17.14285714,0,13.09596686,0.052631579,20,0.358124056,0.1,0.367570086,175,1100,0
60,68.38514115,25,80.2284846,4.689280639,15.08223476,1.425,46.1,0.37,1.273766479,0.4,175,1100,0
80,200.8792996,75,100,0,0,0.822986315,100,2.359664076,0.2,0.4,175,1100,0
90,15,4,85.52915767,0,14.47084233,0,46.3,0.373892784,0.224573909,0.4,50.8,1100,1
25,22.36134449,5,76.72992366,2.378541997,15.30031216,1.425,46.1,0.37,1.977711641,0.4,125,1100,0
80,40,16,85.52915767,0,14.47084233,3,7,0.33,0.9,0.25,50,1100,1
80,3.333333333,25,85.52915767,0,14.47084233,0.11,46,0.35,0.273693305,0.25,125,1100,0
80,40,1,85.52915767,0,14.47084233,0.25,60,2,1.5,0.5,50,1100,1
70,33.9902841,25,85.52915767,0,14.47084233,0.302222534,100,0.284803411,0.855291577,0.3,125,1100,1
80,219.4653072,82.68568154,94.5,0,0,1.298759141,100,3.166666667,0.1,0.703173093,158.3697046,1100,1
80,20,5,74.37742114,16.76812396,8.854454898,0,100,0,2.734366353,0.086,125,1100,1
80,5.515116088,5,74.37742114,16.76812396,8.854454898,0.176,30,0.333,0.36458218,0.1,90,980,1
30,10,20,20,0,0,0.428571429,100,0.428571429,0.3,1,88,1100,0
80,4,5,74.37742114,16.76812396,8.854454898,0.181193633,30,0.32487551,0.34,0.1,90,1000,1
110,2,5,85.52915767,0,14.47084233,0.5,30,0.5,4.276457883,0.8,120,901.8686384,1
80,24.50004932,25,85.52915767,0,14.47084233,0.404431954,60,0.292801158,1.881641469,0.8,175,1100,1
110,3.33,6.25,85.52915767,0,14.47084233,0.5,40,0.5,1.710583153,2,120,870,1
100,4,5,74.37742114,16.76812396,8.854454898,0.25,30,0.5,1.367183177,0.5,105,1219.5,1
80,25,17.64,85.52915767,0,14.47084233,0.293560947,59.00710904,0.236309593,2.25,0.8,175,1100,1
80,60,25,0,75.66401816,24.33598184,0.818160983,30,0.656443212,2.269920545,0.21,125,1100,0
80,150,7,74.37742114,16.76812396,8.854454898,0.824689587,100,7.342904561,1.458328722,4,125,1100,0
60,270,51.83117186,85.52915767,0,14.47084233,1.882657881,61.06389396,1.808704345,0.256587473,0.5,175,1100,0
80,50,4,85.52915767,0,14.47084233,0.33,40,0.33,1.282937365,0.5,50,1100,1
80,20,5,74.37742114,16.76812396,8.854454898,0,100,0,2.734366353,0.2,125,1100,1
120,15,6.25,85.52915767,0,14.47084233,0.019426246,46.3,0.403187095,0.085529158,0.4,50,1100,1
50,4,5,74.37742114,16.76812396,8.854454898,0.2,30,0.3,1.367183177,0.1,90,1000,1
40,4,5,44.62645268,10.06087438,5.312672939,0.176470588,40,0.388888889,0.4,0.1,50,980,1
30,10,20,20,0,0,0.428571429,100,0.428571429,0.3,1,88,1100,0
80,3,1,64.11,0,16.02,0.20596053,40,0.340993866,0.6411,0.2,50,1100,1
100,75,50,100,0,0,0,100,0,0.5,0.25,50,825,1
30,60,25,0,75.66401816,24.33598184,1.14838301,0,0.853256179,2.269920545,0.7,125,1100,0
80,146.1316266,50,62.57142857,0,21.24655633,0.517763389,59.061825,1.501483537,1.251428571,0.4,125,1100,1
50,4,5,74.37742114,16.76812396,8.854454898,0.2,30,0.3,1.367183177,0.5,90,1000,1
80,3,1,85.73,0,14.27,0.180901252,40,0.395001104,0.8573,0.2,50,1100,1
90,2,5,85.52915767,0,14.47084233,0.5,30,0.5,4.276457883,0.8,120,906.4787134,1
80,5,5,75,0,16.54944357,0.040582726,46.7,0.6,2,0.35,50,1100,1
80,4,5,44.62645268,10.06087438,5.312672939,0.176470588,40,0.388888889,0.4,0.1,50,980,1
80,40,1,85.52915767,0,14.47084233,0.25,0,2,1.5,0,50,1100,0
120,2,5,85.52915767,0,14.47084233,0.5,30,0.5,4.276457883,0.8,125,1100,0
80,75,50,100,0,0,0,100,0,0.5,0.25,125,1100,1
80,40,1,85.52915767,0,14.47084233,0.25,0,2,1.5,0,125,1100,0
60,270,48.46351845,85.52915767,0,14.47084233,2.150691132,59.34613525,1.812971149,0.256587473,0.5,175,1100,0
90,19.6163843,8,85.52915767,0,14.47084233,0.052631579,20,0.25,1.710583153,0.4,125,1100,0
40,4,5,74.37742114,16.76812396,8.854454898,0.2,30,0.3,1.367183177,0.5,90,1000,1
60,4,5,74.37742114,16.76812396,8.854454898,0.2,30,0.3,1.367183177,0.1,90,1000,1
80,2,5,85.52915767,0,14.47084233,0.5,30,0.5,4.276457883,0.8,125,1100,0
80,50,4,85.52915767,0,14.47084233,0.33,40,0.33,3.421166307,0.2,50,1100,1
120,2,5,85.52915767,0,14.47084233,0.5,30,0.5,4.276457883,0.8,125,1100,0
25,3,16.39935154,100,0,0,0.474476317,100,0.408802739,2.2,0.8,175,1100,0
130,40.22818585,4,51.42857143,0,24.59807287,0.176470588,100,0.176470588,0.462857143,0.5,175,1100,1
80,37.56499288,4,0,61.27392967,24.63458319,0.33,40,0.33,2.081839933,0.625464892,125,1100,0
80,14.93631308,1,85.73,0,14.27,0.176470588,20,0.176470588,1.7146,0.5,125,1100,1
30,4,5,74.37742114,16.76812396,8.854454898,0.2,30,0.3,1.367183177,0.1,90,1000,1
60,100,5.29,100,0,0,0.909090909,100,3,0.55,0.5,175,1100,0
110,3.33,6.25,85.52915767,0,14.47084233,0.5,40,0.5,1.710583153,2,70,206.185567,1
28,60,25,0,60.3,23.9,0.661053715,30,0.380369801,3,0.7,125,1100,0
90,4.41005401,5,74.37742114,16.76812396,8.854454898,0.176,30,0.333,0.36458218,0.1,90,980,1
80,3,1,85.52915767,0,14.47084233,0.33,40,0.33,0.641468683,0.2,50,1100,1
70,73.67296446,25,85.52915767,0,14.47084233,0.326579634,100,0.303370427,0.855291577,0.3,175,1100,1
100,4,5,74.37742114,16.76812396,8.854454898,0.25,30,0.5,1.367183177,0.5,105,1031,1
90,3.33,6.25,85.52915767,0,14.47084233,0.5,40,0.5,1.710583153,2,120,870,1
80,1,4.62,100,0,0,0.0625,66.67,0.328723974,0.24,0.6,125,1100,1
80,40,3.645,68.57142857,0,15.12820511,1.394017747,40,1.599086947,0.685714286,0.5,175,1100,0
27.5,3.33,6.25,85.52915767,0,14.47084233,0.5,40,0.5,1.710583153,2,120,870,0
80,75,50,100,0,0,0,100,0,0.5,0.25,125,1100,1
40,3.33,6.25,85.52915767,0,14.47084233,0.5,40,0.5,1.710583153,2,120,870,1
80,5,5,75,0,17.61955664,0.25,45.8,0.25,1.75,0.2,50,1100,1
80,40,4,85.52915767,0,14.47084233,0.1,60,0.28,1.282937365,0.3,115,360,1
80,300,25,85.52915767,0,14.47084233,0.05,47,0.2385,0.1,0.1,175,1100,1
80,40,1,85.52915767,0,14.47084233,0.25,60,2,1.5,0.5,125,1100,1
80,40,3.645,0,75.66401816,24.33598184,0.419722608,40,0.450187228,1.891600454,0.5,175,1100,1
80,500,29.16,85.52915767,0,14.47084233,1.049165401,100,6.007528044,2.03,1.05,125,1100,0
80,192.1973963,50,85.52915767,0,14.47084233,0.806166095,100,4.847154112,4,4,254,1100,0
60,3.33,6.25,85.52915767,0,14.47084233,0.5,40,0.5,1.710583153,2,120,870,0
120,3.33,6.25,85.52915767,0,14.47084233,0.5,40,0.5,1.710583153,2,120,870,1
80,109.4797653,50,32.57142857,0,30.26987009,0.709577908,61.15418245,1.292839834,0.651428571,0.4,125,1100,1
80,40,5,85.52915767,0,14.47084233,0.67,40,0.67,1.2,0.5,125,1100,1
80,20,5,74.37742114,16.76812396,8.854454898,0.16033089,100,0.129656041,2.734366353,3,125,1100,1
80,40.84253457,25,74.37742114,16.76812396,8.854454898,0.43,40,0.33,0.911455451,0.4,50,1100,1
110,2,5,85.52915767,0,14.47084233,0.5,30,0.5,4.276457883,0.8,125,1100,0
100,75,50,100,0,0,0,100,0,0.25,0.25,50,825,1
80,18.88169371,5,74.37742114,16.76812396,8.854454898,0.322609985,71.48829017,0.3132326,2.734366353,3,175,1100,1
60,22.65314054,4,85.52915767,0,14.47084233,0.176,40,0.299,0.74838013,1,175,1100,0
80,0.5,4,74.37742114,16.76812396,8.854454898,0.3,40,0.3,2.734366353,1.2,125,1100,1
56,2,25,85.52915767,0,14.47084233,0.41609371,61.73340883,0.303549883,2.138228942,0.8,175,1100,0
80,107.2756895,25,85.52915767,0,14.47084233,1,100,1,0.348205152,0.55759543,184.4523983,1100,0
80,41.16415899,14.76826673,85.52915767,0,14.47084233,0.18,40,0.435176247,0.940820734,0.5,175,1100,0
120,2,5,85.52915767,0,14.47084233,0.5,30,0.5,4.276457883,0.8,120,960.7222459,0
80,3,1,38.48805,0,17.7521,0.142857143,40,0.333,0.288660375,0.2,50,1100,1
30,4,5,74.37742114,16.76812396,8.854454898,0.2,30,0.3,0.36458218,0.1,90,1000,1
80,40,3.645,85.71428571,0,14.28571429,0.583695267,40,0.477445702,0.857142857,0.5,175,1100,0
70,3.634025044,5,100,0,0,0.25,40,0.5,0.4,0.1,90,980,0
60,270,44.4178097,85.52915767,0,14.47084233,1.589274889,63.70239129,1.46078364,0.256587473,0.5,175,1100,0
90,4,5,44.62645268,10.06087438,5.312672939,0.176470588,40,0.388888889,0.4,0.1,50,980,1
80,75,50,100,0,0,0,100,0,0.25,0.25,50,825,1
80,4,5,74.37742114,16.76812396,8.854454898,0.188042222,30,0.329494887,0.34,0.1,90,1000,1
80,50,5,100,0,0,0.33,70,0.33,1.5,0.57,125,1100,1
80,3.33,6.25,85.52915767,0,14.47084233,0.5,40,0.5,1.710583153,2,70,206.185567,1
60,1800,160,100,0,0,0.4,40,0.6,1.5,0.4,125,1100,1
80,2,5.14045926,85.52915767,0,14.47084233,0.5,30,0.5,4.276457883,0.8,125,1092.791857,0
100,2,5,85.52915767,0,14.47084233,0.5,30,0.5,4.276457883,0.8,120,918.6766929,1
25,63,4,74.37742114,16.76812396,8.854454898,0.73255738,10,0.8805082,2.319046959,0.352136828,125,1100,0
80,6,1,100,0,0,0.197204645,0,1.096392145,2,0,125,1100,0
30,4,5,74.37742114,16.76812396,8.854454898,0.2,30,0.3,1.367183177,0.5,90,1000,1
80,20,5,74.37742114,16.76812396,8.854454898,0,100,0,2.734366353,3,125,1100,0
100,75,50,100,0,0,0,100,0,1,0.25,50,825,1
80,3.33,6.25,84.5,0,15.5,0.24,45.01864041,0.428571429,1.69,2,125,1100,1
60,100,5.29,100,0,0,0,100,3,0.55,0.5,175,1100,0
80,25,17.64,85.52915767,0,14.47084233,0.286056419,57.86464151,0.231387366,2.25,0.8,175,1100,1
80,4,5,74.37742114,16.76812396,8.854454898,0.2,30,0.3,1.367183177,0.1,90,1000,1
80,25,17.64,85.52915767,0,14.47084233,0.176470588,60,0.176470588,1.881641469,0.8,175,1100,1
80,7,4,0,23.83808219,22.38354235,0.289822109,40,0.285806842,0.715142466,0.6,125,1100,0
80,34.05213489,4,100,0,0,0.3333,70,0.3333,0.873,0.7,50,1100,1
60,40,2.89,85.52915767,0,14.47084233,1.07748381,40,1.377804373,0.27,0.5,175,1100,0
30,4,5,44.62645268,10.06087438,5.312672939,0.176470588,40,0.388888889,0.4,0.1,50,980,1
80,40,3.645,85.52915767,0,14.47084233,0.402491773,40,0.457914718,2.138228942,0.5,175,1100,0
80,40,2.89,85.52915767,0,14.47084233,0.331638452,40,0.53927078,0.27,0.5,175,1100,1
80,164.0100052,63.49363399,90.5,0,0,1.262861313,100,3.166666667,0.1,0.64527732,118.983882,1100,1
80,1,5,74.37742114,16.76812396,8.854454898,0.2,40,0.39,0.34,0.1,90,980,1
90,12.19259037,5,85.52915767,0,14.47084233,0.25,40,0.5,0.4,0.1,90,980,1
20,40,5,74.37742114,16.76812396,8.854454898,0.53281198,100,1.035837366,2.734366353,3,125,1100,0
80,5,5,75,0,17.61955664,0.25,45.8,0.25,1.75,0.2,50,1100,1
80,1.5,5,40,0,0,0.285472473,46,0.554027878,0.4,0.184,50,1100,1
60,40,4.5,85.52915767,0,14.47084233,3,20,10,2,0.05,50,1100,0
30,6.795267144,5,85.52915767,0,14.47084233,0.25,40,0.5,0.4,0.1,90,980,1
80,4,5,74.37742114,16.76812396,8.854454898,0.2,30,0.3,1.367183177,0.5,90,1000,1
80,300,25,85.52915767,0,14.47084233,0.8,47,0.2385,0.1,0.1,175,1100,1
80,4,5,74.37742114,16.76812396,8.854454898,0.2,30,0.3,0.36458218,0.1,90,1000,1
80,4.819154086,5,74.37742114,16.76812396,8.854454898,0.176,30,0.333,0.36458218,0.1,90,980,1
80,50,4,85.52915767,0,14.47084233,0.33,40,0.33,2.56587473,0.5,50,1100,1
80,50,5,85.52915767,0,14.47084233,0.33,70,0.33,1.282937365,0.57,125,1100,1
80,2,5,85.52915767,0,14.47084233,0.5,50,0.5,2,0.3,120,870,1
90,4,5,85.52915767,0,14.47084233,0.25,30,0.5,1.282937365,0.5,125,1100,1
80,32.01683061,4,85.52915767,0,14.47084233,0.3333,70,0.3333,0.063377106,0.7,50,1100,1
60,270,50.71720836,85.52915767,0,14.47084233,1.593259687,66.99216329,1.396445589,0.256587473,0.5,175,1100,0
60,95,63.5,85.52915767,0,14.47084233,0.15,40,0.2,0.855291577,0.6,175,1100,0
80,2,5,74.37742114,16.76812396,8.854454898,0.25,30,0.5,1.5,0.4,120,870,1
90,15,4,85.52915767,0,14.47084233,0.095239255,46,0.36631045,0.085529158,0.4,50,1100,1
80,4,5,74.37742114,16.76812396,8.854454898,0.25,30,0.5,1.367183177,0.5,125,1100,1
80,40,3.645,34.61,48.47,16.92,0.409308137,40,0.430455139,2.077,0.5,175,1100,1
25,29.54840386,1,85.73,0,14.27,0.176470588,20,0.176470588,1.7146,0.5,125,1100,0
90,126.4379627,8,85.52915767,0,14.47084233,0.052631579,40,9.375,1.710583153,0.96,125,1100,0
80,40,5,85.52915767,0,14.47084233,0.67,40,0.67,0.2,0.5,125,1100,0
40,60,25,0,60.3,23.9,0.649367093,30,0.360181846,3,0.7,125,1100,0
90,50,4,85.52915767,0,14.47084233,0.052631579,20,0.428571429,0.38,0.2,50,1100,1
90,19.87949333,6.397091281,100,0,0,0.612525952,0,0.883526064,2.4,0,113.5778551,1100,1
22,0.166666667,5,74.37742114,16.76812396,8.854454898,0.25,100,0.25,2.734366353,0.5,125,1100,0
80,10,20,100,0,0,0.667,100,0.428571429,1.5,1,88,1100,1
80,4,5,44.62645268,10.06087438,5.312672939,0.176470588,40,0.388888889,0.4,0.1,50,980,1
80,40,5,85.52915767,0,14.47084233,0.67,40,0.67,0.2,0.5,125,1100,1
80,50,5,52.87553066,0,16.94728547,0.33,70,0.33,0.79313296,0.57,125,1100,1
25,200,5,85.52915767,0,14.47084233,0.45985872,40,5.875529834,2.56587473,0.4,125,1100,0
120,40.43101541,4,85.52915767,0,14.47084233,0.176470588,100,0.176470588,0.769762419,0.5,175,1100,0
30,21.20177116,10.99479906,80.595,0,19.4,0.698133711,30,0.386906671,1.6119,0.6,123.4933406,1100,0
80,25,17.64,85.52915767,0,14.47084233,0.203403821,60.94810444,0.153760734,2.25,0.8,175,1100,1
80,20,5,74.37742114,16.76812396,8.854454898,0.171025803,100,0.14081996,2.734366353,3,125,1100,1
80,50,4,85.52915767,0,14.47084233,0.33,40,0.33,3.421166307,0.05,50,1100,1
100,3.33,6.25,85.52915767,0,14.47084233,0.5,40,0.5,1.710583153,2,120,870,1
40,8.912526762,5,85.52915767,0,14.47084233,0.25,40,0.5,0.4,0.1,90,980,1
80,1,5,74.37742114,16.76812396,8.854454898,0.176470588,40,0.388888889,1.5,0.1,90,980,1
80,6,1,100,0,0,0.319707965,0,1.216631476,2,0,125,1100,0
30,4,5,85.52915767,0,14.47084233,0.25,30,0.5,1.282937365,0.5,125,1100,0
80,25.7542622,8,85.52915767,0,14.47084233,0.052631579,20,0.332386614,0.179611231,0.245296397,50,1100,1
55,172.8442295,120,100,0,0,0.635637283,100,4.227462648,1,0.9,125,1100,1
80,40,3.645,34.61,48.47,16.92,0.409308137,40,0.430455139,2.077,0.5,175,1100,1
70,3.401700251,5,74.37742114,16.76812396,8.854454898,0.176,30,0.333,0.36458218,0.1,90,980,1
25,1,15.84755052,100,0,0,0.455737797,100,0.409580409,2.2,0.8,175,1100,0
60,2,5,74.37742114,16.76812396,8.854454898,0.25,30,0.5,1.5,0.4,120,870,1
90,61.73199448,8,85.52915767,0,14.47084233,0.052631579,40,3.125,1.710583153,0.96,125,1100,0
80,20,5,74.37742114,16.76812396,8.854454898,0.169105913,100,0.133238398,2.734366353,3,125,1100,1
80,250,86,50,0,0,0,50,0,0.15,0.15,175,1100,1
120,2,5,85.52915767,0,14.47084233,0.5,30,0.5,4.276457883,0.8,120,901.0009666,1
100,2,5,85.52915767,0,14.47084233,0.5,30,0.5,4.276457883,0.8,125,1100,0
80,177.3537945,46.44061618,85.52915767,0,14.47084233,1.25,20,2.695305855,0.342116631,0.716088856,175,1100,0
110,2,5,85.52915767,0,14.47084233,0.5,30,0.5,4.276457883,0.8,125,1100,0
50,300,25,85.52915767,0,14.47084233,0.15,100,0.15,2.56587473,0.2,175,1100,0
60,50,25,85.52915767,0,14.47084233,0.311112088,100,0.146421,2.5,0.8,175,1100,1
80,3,1,38.48805,0,17.7521,0.142857143,40,0.333,0.288660375,0.2,50,1099.171835,1
80,40,3.645,66.86367932,0,11.13280261,0.33,40,0.33,2.5,0.5,175,1100,0
60,3.33,6.25,85.52915767,0,14.47084233,0.5,40,0.5,1.710583153,2,120,870,1
80,1.5,5,100,0,0,0.264651442,46,0.491437084,1,0.184,50,1100,1
80,40,3.645,66.86367932,0,11.13280261,0.33,40,0.33,2.5,0.5,175,1100,0
80,3,1,85.73,0,14.27,0.151776541,40,0.362015213,0.642975,0.2,50,1100,1
80,5,5,75,0,16.58175292,0.131221719,46.7,0.6,2,0.35,50,1100,1
60,270,45.3593416,85.52915767,0,14.47084233,2.253014729,57.95189289,1.693547103,0.256587473,0.5,175,1100,0
60,25,4,85.52915767,0,14.47084233,0.15,40,0.2,0.641468683,0.6,175,1100,0
80,4,5,74.37742114,16.76812396,8.854454898,0.201325636,30,0.389774359,1.27,0.1,90,1000,1
40,3.33,6.25,85.52915767,0,14.47084233,0.5,40,0.5,1.710583153,2,120,870,0
80,1,4.62,100,0,0,0.1875,66.67,0.422209462,0.08,0.6,125,1100,1
40,50,4,85.52915767,0,14.47084233,0.052631579,20,0.428571429,0.38,0.2,50,1100,1
90,75,50,100,0,0,0,100,0,0.25,0.25,50,825,1
80,3,1,38.48805,0,17.7521,0.083333333,40,0.333,0.288660375,0.2,50,1100.320347,1
80,50,4,85.52915767,0,14.47084233,0.33,40,0.33,0.427645788,0.5,50,1100,1
20,20,5,74.37742114,16.76812396,8.854454898,0.267789667,100,0.419134153,2.734366353,3,125,1100,0
80,1,1,19.1,0,3.231565657,0.43,46,0.43,0.5,0.5,175,1100,1
40,100,5.29,100,0,0,0,100,3,0.55,0.5,175,1100,0
30,10,20,100,0,0,0.428571429,100,0.428571429,1.5,1,88,1100,0
50,3.343019649,5,74.37742114,16.76812396,8.854454898,0.176,30,0.333,0.36458218,0.1,90,980,1
70,4,10.63367693,25.6587473,0,32.341,0.5,30,0.5,0.256587473,1,125,1100,0
90,2,5,74.37742114,16.76812396,8.854454898,0.25,30,0.5,1.5,0.4,125,1100,1
60,45,22.7,85.52915767,0,14.47084233,0.15,40,0.2,0.855291577,0.6,175,1100,0
80,4,5,74.37742114,16.76812396,8.854454898,0.2,30,0.3,0.36458218,0.1,90,1000,1
90,2,5,85.52915767,0,14.47084233,0.5,30,0.5,4.276457883,0.8,120,910.8087456,1
80,5,5,75,0,16.34506214,0.388888889,46.7,0.6,2,0.35,50,1100,1
80,3,1,38.48805,0,17.7521,0.111111111,40,0.333,0.288660375,0.2,50,1100.780395,1
90,4,5,74.37742114,16.76812396,8.854454898,0.2,30,0.3,1.367183177,0.5,90,1000,1
80,18.97781722,8,85.52915767,0,14.47084233,0.052631579,20,0.321849894,0.940820734,0.309063001,50,1100,1
80,20,5,74.37742114,16.76812396,8.854454898,0.158284189,100,0.119913557,2.734366353,3,125,1100,1
30,4,5,74.37742114,16.76812396,8.854454898,0.25,30,0.5,1.367183177,0.5,125,1100,1
80,40,3.645,66.86367932,0,11.13280261,0.33,40,0.33,2.5,0.5,175,1100,0
80,2,5,85.52915767,0,14.47084233,0.5,30,0.5,4.276457883,0.8,120,911.8337149,0
90,4,5,74.37742114,16.76812396,8.854454898,0.2,30,0.3,1.367183177,0.1,90,1000,1
70,4,5,74.37742114,16.76812396,8.854454898,0.2,30,0.3,0.36458218,0.1,90,1000,1
80,300,25,85.52915767,0,14.47084233,0.6,47,0.2385,0.1,0.1,175,1100,1
90,14.02002948,2.64287184,100,0,0,0.333017398,30,0.579518935,2.4,0.6,124.1586196,1100,1
100,75,50,100,0,0,0,100,0,0.25,0.25,50,825,1
80,2000,250,85.52915767,0,14.47084233,2.170319628,46,1.873798728,0.855291577,0.5,175,1100,0
60,270,46.72177337,85.52915767,0,14.47084233,1.760277361,66.92663957,1.478754654,0.256587473,0.5,175,1100,0
60,60,25,0,75.66401816,24.33598184,1.369106679,0,1.238964173,2.269920545,0.7,125,1100,0
80,2.106228127,5,100,0,0,0.25,40,0.5,0.4,0.1,90,980,1
50,100,5.29,100,0,0,0.909090909,100,3,0.55,0.5,175,1100,0
80,3.33,6.25,85.52915767,0,14.47084233,0.5,40,0.5,1.710583153,2,120,870,1
100,3.33,6.25,84.5,0,15.5,0.24,44.70119726,0.428571429,1.69,2,125,1100,1
90,9.034463458,4.640843403,80.595,0,19.4,0.319560927,30,0.484654773,1.6119,0.6,124.8885358,1100,1
80,40,3.645,34.28571429,0,15.33368323,0.394818831,40,0.253866368,0.342857143,0.5,175,1100,0
80,117.0671074,50,100,0,0,0.451623962,89.32674769,1.792451155,2,0.4,125,1100,1
30,9.112791211,11.00729383,80.595,0,19.4,0.517101628,30,0.326398069,1.6119,0.6,145.4483226,1100,0
60,4,5,85.52915767,0,14.47084233,0.25,30,0.5,1.282937365,0.5,125,1100,1
60,10,20,100,0,0,0.667,100,0.428571429,1.5,1,88,1100,1
40,60,25,0,83.55,16.45,1.113637403,0,0.880169355,2.5065,0.7,125,1100,0
50,4,5,85.52915767,0,14.47084233,0.25,30,0.5,1.282937365,0.5,125,1100,1
80,50,25,0,75.9,24.1,0.432355306,30,0.551156983,3,0.7,125,1100,0
120,40.9654027,4,51.42857143,0,24.59807287,0.176470588,100,0.176470588,0.462857143,0.5,175,1100,1
55,40.11437804,8,68.33,15.4,16.27,0.416568174,40,0.255521318,2.5119,0.6,175,1100,0
80,300,25,85.52915767,0,14.47084233,0.2,47,0.2385,0.1,0.1,175,1100,1
90,122.8661049,8,85.52915767,0,14.47084233,0.052631579,40,16.66666667,1.710583153,0.96,125,1100,0
80,22.51090936,8,85.52915767,0,14.47084233,0.052631579,20,0.326732579,0.846738661,0.279104095,50,1100,1
120,15,6.25,85.52915767,0,14.47084233,0,46.5,0.57162082,2.305618056,0.4,50,1100,0
60,2,25,85.52915767,0,14.47084233,0.361332014,62.14057076,0.240665267,2.138228942,0.8,175,1100,0
30,10,20,100,0,0,0.428571429,100,0.428571429,1.5,1,50,1100,0
80,4,5,74.37742114,16.76812396,8.854454898,0.216438027,30,0.508048208,1.27,0.1,90,1000,1
80,7.813710338,1,77.1429,0,14.9804,0.176470588,20,0.176470588,1.542858,0.5,125,1100,1
35,3,1,42.76457883,0,17.851,0.33,40,0.33,0.320734341,0.2,50,1100,0
60,55.44484811,25,79.37854279,2.460646234,15.82845943,1.425,46.1,0.37,1.227587835,0.4,175,1100,0
90,2,5,85.52915767,0,14.47084233,0.5,50,0.5,2,0.3,120,870,1
90,43.60864492,4,85.52915767,0,14.47084233,0.176470588,100,0.176470588,0.769762419,0.5,175,1100,0
80,75,50,100,0,0,0,100,0,0.5,0.25,125,1100,1
80,3.333333333,25,85.52915767,0,14.47084233,0.11,46,0.35,0.342116631,0.25,125,1100,1
80,25,17.64,85.52915767,0,14.47084233,0.336689866,57.25484701,0.230980813,2.25,0.8,175,1100,1
80,1,5,74.37742114,16.76812396,8.854454898,0.176470588,40,0.388888889,0.4,0.1,90,980,1
60,100,5.29,100,0,0,2.727272727,100,3,0.55,0.5,175,1100,0
60,49.42071427,25,80.2284846,4.689280639,15.08223476,1.425,46.1,0.37,1.273766479,0.4,125,1100,0
25,300,5,85.52915767,0,14.47084233,0.522031656,40,5.254507803,2.56587473,0.4,125,1100,0
60,60,25,0,83.55,16.45,1.126928022,0,0.944699498,2.5065,0.7,125,1100,0
90,15,4,85.52915767,0,14.47084233,0.302569627,0,1.139246151,0.085529158,0,50,1100,0
80,50,25,85.73,0,14.27,0.33,60,0.25,0.005,0.8,175,1100,1
80,6,1,100,0,0,0.425549591,0,1.21601819,2,0,125,1100,0
120,15,6.25,85.52915767,0,14.47084233,0,46.5,0.427561377,0.338609935,0.4,50,1100,1
80,75,50,100,0,0,0,100,0,0.5,0.25,125,1100,1
80,68.48132884,2,85.52915767,0,14.47084233,0.176470588,20,0.176470588,1.710583153,0.2,175,1100,1
80,50,25,85.52915767,0,14.47084233,0.262323088,100,0.143781181,2.5,0.8,175,1100,1
80,5,5,75,0,17.5,0.13,4.8,0.25,0.2,0.025,50,1100,1
64,2,25,85.52915767,0,14.47084233,0.446643758,64.29533761,0.265617659,2.138228942,0.8,175,1100,0
70,149.5460768,25,85.52915767,0,14.47084233,1.639597676,100,2.206784502,0.855291577,0.3,254,1100,0
60,25,4,85.52915767,0,14.47084233,0.15,40,0.2,0.641468683,0.6,175,1100,0
90,5.293626408,5.277795674,80.595,0,19.4,0.37724606,30,0.486046373,1.6119,0.6,124.8626084,1100,1
80,0.1,6.76,85.52915767,0,14.47084233,0.505126236,30,0.683573239,3.421166307,1.8,175,1100,0
40,4,5,85.52915767,0,14.47084233,0.25,30,0.5,1.282937365,0.5,125,1100,1
30,7.231529218,5,100,0,0,0.25,40,0.5,0.4,0.1,90,980,0
80,7,4,0,75.66401816,24.33598184,0.265524335,40,0.380275882,2.269920545,0.6,125,1100,0
40,1.184692713,5,74.37742114,16.76812396,8.854454898,0.176,30,0.333,0.36458218,0.1,90,980,1
80,1,5,74.37742114,16.76812396,8.854454898,0.176470588,40,0.388888889,1.5,0.5,90,980,1
70,2,5,74.37742114,16.76812396,8.854454898,0.25,30,0.5,1.5,0.4,120,870,1
80,20,5,74.37742114,16.76812396,8.854454898,0.16460804,100,0.128906863,2.734366353,3,125,1100,1
90,0.527671846,3.549686161,22.69920545,27.36933045,20.0014641,0.336612078,30,0.433214556,1.001370718,0.6,121.7392955,1100,1
80,12.94077278,5,59,0,16,0.4,40,0,0.885,0.4,125,1100,1
60,4,5,44.62645268,10.06087438,5.312672939,0.176470588,40,0.388888889,0.4,0.1,50,980,1
60,2,5,85.52915767,0,14.47084233,0.5,50,0.5,2,0.3,120,870,1
80,75,50,100,0,0,0,100,0,0.25,0.25,50,825,1
80,11.42418465,8,17.14285714,0,13.09596686,0.052631579,20,0.331245219,0.018857143,0.299019417,50,1100,1
90,126.352113,8,85.52915767,0,14.47084233,0.052631579,40,21.875,1.710583153,0.96,125,1100,0
80,50,5,64.37977662,0,16.01486981,0.33,70,0.33,0.965696649,0.57,125,1100,1
80,11.01091304,5,59,0,16,0.4,40,1.5,0.885,0.4,125,1100,1
60,4,5,74.37742114,16.76812396,8.854454898,0.2,30,0.3,0.36458218,0.1,90,1000,1
70,60,25,0,75.66401816,24.33598184,1.125104047,0,0.976247596,2.269920545,0.7,125,1100,0
80,50,4,85.52915767,0,14.47084233,0.33,40,0.33,0.855291577,0.5,50,1100,1
80,3,1,36.5,0,18.25,0.225238741,40,0.531730458,0.365,0.2,50,1100,1
80,179.253238,67.42374679,93.6,0,0,1.335046695,100,3.166666667,0.1,0.680885379,131.7718913,1100,1
70,4,5,74.37742114,16.76812396,8.854454898,0.25,30,0.5,1.367183177,0.5,125,1100,1
80,50,4,85.52915767,0,14.47084233,0.33,40,0.33,3.421166307,0.5,50,1100,1
90,15,1.21,85.52915767,0,14.47084233,0,46.5,0.428571429,0.085529158,0.02,50,1100,0
30,10,20,100,0,0,0.667,100,0.428571429,1.5,1,88,1100,0
50,12.79225342,5,85.52915767,0,14.47084233,0.25,40,0.5,0.4,0.1,90,980,1
80,2,5,85.52915767,0,14.47084233,0.5,30,0.5,4.276457883,0.8,120,924.7552906,0
80,3.333333333,25,85.52915767,0,14.47084233,0.11,46,0.35,0.607257019,0.25,125,1100,1
80,16.57453349,1,34.2857,0,18.454,0.176470588,20,0.176470588,0.685714,0.5,125,1100,0
40,60,25,0,75.66401816,24.33598184,1.176955273,0,0.869597036,2.269920545,0.7,125,1100,0
80,60,25,0,75.66401816,24.33598184,1.370227109,0,1.32614018,2.269920545,0.7,125,1100,0
80,4,5,74.37742114,16.76812396,8.854454898,0.2,30,0.3,0.36458218,0.1,90,1000,1
80,50,4,85.52915767,0,14.47084233,0,20,0.428571429,0.38,0.2,50,1100,1
60,95,63.5,85.52915767,0,14.47084233,0.15,40,0.2,0.829632829,0.6,175,1100,0
25,0.54385014,5,74.37742114,16.76812396,8.854454898,0.176,30,0.333,0.36458218,0.1,90,980,1
100,75,50,100,0,0,0,100,0,0.25,0.25,50,825,0
40,100,5.29,100,0,0,0.909090909,100,3,0.55,0.5,175,1100,0
40,8.093331718,5,100,0,0,0.25,40,0.5,0.4,0.1,90,980,0
50,2,5,85.52915767,0,14.47084233,0.5,50,0.5,2,0.3,120,870,1
80,20,5,74.37742114,16.76812396,8.854454898,0,100,0,2.734366353,0.1,125,1100,1
60,20,5,74.37742114,16.76812396,8.854454898,0.175165486,100,0.146826524,2.734366353,3,125,1100,1
80,300,25,85.52915767,0,14.47084233,0.1,47,0.2385,0.1,0.1,175,1100,1
80,60,25,0,83.55,16.45,1.166449873,0,0.930610563,2.5065,0.7,125,1100,0
80,50,25,85.52915767,0,14.47084233,0.278863389,60,0.133623675,2.25,0.8,175,1100,1
80,20,5,74.37742114,16.76812396,8.854454898,0,100,0,2.734366353,0.032,125,1100,1
90,4,5,74.37742114,16.76812396,8.854454898,0.2,30,0.3,0.36458218,0.1,90,1000,1
60,45,22.7,85.52915767,0,14.47084233,0.15,40,0.2,0.855291577,0.6,175,1100,0
40,20,5,74.37742114,16.76812396,8.854454898,0.201789391,100,0.246510782,2.734366353,3,125,1100,1
80,68.19816646,15.06164193,85.52915767,0,14.47084233,1.666666667,20,1.304913997,0.256587473,0.742630275,175,1100,0
120,3.33,6.25,85.52915767,0,14.47084233,0.5,40,0.5,1.710583153,2,120,870,1
100,75,50,100,0,0,0,100,0,0.375,0.25,50,825,1
40,20,5,74.37742114,16.76812396,8.854454898,0.255159189,100,0.354998409,2.734366353,3,125,1100,1
25,18.07778353,5,68.32740214,15.40416878,16.26842908,0.111111111,46.1,0.369863014,2.093289273,0.4,125,1100,0
20,20,5,74.37742114,16.76812396,8.854454898,0.225125144,100,0.4166106,2.734366353,3,125,1100,0
100,2,5,85.52915767,0,14.47084233,0.5,30,0.5,4.276457883,0.8,125,1100,0
75,10,20,100,0,0,0.667,100,0.428571429,1.5,1,88,1100,1
110,41.50255422,4,85.52915767,0,14.47084233,0.176470588,100,0.176470588,0.769762419,0.5,175,1100,0
80,3.33,6.25,85.52915767,0,14.47084233,0.5,40,0.5,1.710583153,2,120,870,1
80,216.0759697,84.77637295,100,0,0,1.052094626,100,3.166666667,0.1,0.796856937,160.7500869,1100,0
90,15,1.21,85.52915767,0,14.47084233,0,100,0.428571429,0.085529158,0.021,50,1100,1
50,4,5,74.37742114,16.76812396,8.854454898,0.2,30,0.3,0.36458218,0.1,90,1000,1
110,2,5,85.52915767,0,14.47084233,0.5,30,0.5,4.276457883,0.8,120,946.4664688,0
80,300,25,85.52915767,0,14.47084233,0.27,47,0.2385,0.1,0.1,175,1100,1
60,45,22.7,85.52915767,0,14.47084233,0.15,40,0.2,2.993520518,0.6,175,1100,0
60,4,5,74.37742114,16.76812396,8.854454898,0.2,30,0.3,1.367183177,0.5,90,1000,1
40,4,5,74.37742114,16.76812396,8.854454898,0.2,30,0.3,1.367183177,0.1,90,1000,1
80,3.333333333,25,85.52915767,0,14.47084233,0.11,46,0.35,0.196717063,0.25,125,1100,0
80,1.5,5,40,0,12.7397,0.25658492,46,0.533679577,0.4,0.184,50,1100,1
80,7,4,0,30.35461078,22.62905869,0.279346868,40,0.400496475,0.910638323,0.6,125,1100,0
60,50,4,85.52915767,0,14.47084233,0.052631579,20,0.428571429,0.38,0.2,50,1100,1
120,15,6.25,85.52915767,0,14.47084233,0,46.5,0.566669369,0.02736933,0.4,50,1100,0
70,4,5,85.52915767,0,14.47084233,0.25,30,0.5,1.282937365,0.5,125,1100,1
80,50,4,85.52915767,0,14.47084233,0.111111111,20,0.428571429,0.38,0.2,50,1100,1
80,60,25,0,60.3,23.9,0.533299699,30,0.352105292,3,0.7,125,1100,0
70,60,25,0,60.3,23.9,0.598379712,30,0.455016189,3,0.7,125,1100,0
80,1,5,74.37742114,16.76812396,8.854454898,0.176470588,40,0.388888889,0.4,0.1,90,980,1
60,4,11.34578027,25.6587473,0,32.341,0.5,30,0.5,0.256587473,1,125,1100,0
60,270,56.10548285,85.52915767,0,14.47084233,1.467094912,65.07818298,1.56248354,0.256587473,0.5,175,1100,0
80,4,6.36097945,40,0,21.73924112,0.5,30,0.5,0.4,1,125,1100,0
40,20,25,100,0,0,0.26887693,100,0.187223176,1,0.3,121.633866,1100,0
25,5,19.52906292,100,0,0,0.462567083,100,0.360291006,2.2,0.8,175,1100,0
60,65.94589259,25,80.2284846,4.689280639,15.08223476,1.425,46.1,0.37,1.486060892,0.4,175,1100,0
80,20,5,74.37742114,16.76812396,8.854454898,0.161499397,100,0.12074659,2.734366353,3,125,1100,1
80,50,25,85.73,0,14.27,0.33,60,0.25,0.05,0.8,175,1100,1
70,11.050558,5,85.52915767,0,14.47084233,0.25,40,0.5,0.4,0.1,90,980,1
50,4,5,74.37742114,16.76812396,8.854454898,0.25,30,0.5,1.367183177,0.5,125,1100,1
80,5,5,75,0,17.5,0.13,45.8,0.25,1.62,0.3,50,1100,1
80,4,5,74.37742114,16.76812396,8.854454898,0.170961391,30,0.385283062,0.34,0.1,90,1000,1
80,37.15180574,25,85.52915767,0,14.47084233,0.245108279,100,0.304832613,0.855291577,0.3,125,1100,1
80,50,4,85.52915767,0,14.47084233,0.25,20,0.428571429,0.38,0.2,50,1100,1
80,170.4751056,37.70187597,85.52915767,0,14.47084233,5,20,2.305975152,0.085529158,0.708260779,175,1100,0
80,11.90362243,8,17.14285714,0,13.09596686,0.052631579,20,0.307677958,0.019885714,0.307702064,50,1100,1
55,4,5,44.62645268,10.06087438,5.312672939,0.176470588,40,0.388888889,0.4,0.1,50,980,1
60,270,45.54812639,85.52915767,0,14.47084233,2.073970786,61.07115408,1.791124577,0.256587473,0.5,175,1100,0
80,4.166666667,100,85.52915767,0,14.47084233,0.299736894,100,0.113758053,1.026349892,0.4,175,1100,0
90,4,5,74.37742114,16.76812396,8.854454898,0.25,30,0.5,1.367183177,0.5,125,1100,1
50,100,5.29,100,0,0,0,100,3,0.55,0.5,175,1100,0
80,60,25,0,83.55,16.45,0.529163071,30,0.527243831,2.5065,0.21,125,1100,0
25,63,4,50,26.30208333,8.333333333,0.72519596,10,0.863294513,2.062026291,0.377212257,125,1100,0
80,3.333333333,25,85.52915767,0,14.47084233,0.11,46,0.35,0.085529158,0.25,125,1100,0
25,25.24166274,5,80.2284846,4.689280639,15.08223476,1.425,46.1,0.37,2.122944131,0.4,125,1100,0
80,60,25,0,75.66401816,24.33598184,1.153445715,0,0.960814465,2.269920545,0.7,125,1100,0
30,10,20,100,0,0,0.428571429,100,0.428571429,2,1,88,1100,0
80,40,3.645,57.81239854,0,9.625764357,0.33,40,0.33,2.5,0.5,175,1100,0
60,37.49612841,5,85.52915767,0,14.47084233,0.725839461,100,0.586807681,1.710583153,2,175,1100,0
80,150,7,34.21166307,0,5.788336933,1.506886673,100,6.718206329,0.547386609,4,125,1100,0
80,40,4,85.52915767,0,14.47084233,0.1,60,0.28,1.282937365,0.3,115,360,1
35,3,1,42.76457883,0,17.851,0.33,40,0.33,0.320734341,0.2,50,1100,0
40,100,5.29,100,0,0,2.727272727,100,3,0.55,0.5,175,1100,0
50,32.8446522,1,85.73,0,14.27,0.176470588,20,0.176470588,1.7146,0.5,125,1100,0
90,3.33,6.25,84.5,0,15.5,0.24,44.79338126,0.428571429,1.69,2,125,1100,1
80,50,25,85.73,0,14.27,0.33,60,0.25,0,0.8,175,1100,0
50,100,5.29,100,0,0,2.727272727,100,3,0.55,0.5,175,1100,0
60,25,4,85.52915767,0,14.47084233,0.15,40,0.2,1.214514039,0.6,175,1100,0
50,5.629181396,5,74.37742114,16.76812396,8.854454898,0.176,30,0.333,0.36458218,0.1,90,980,1
120,2,4.570086079,85.52915767,0,14.47084233,0.5,30,0.5,4.276457883,0.8,125,1107.432325,0
40,2,5,85.52915767,0,14.47084233,0.5,50,0.5,2,0.3,120,870,1
80,40,3.645,34.28571429,0,16.02060897,0.318160019,40,0.236312215,0.342857143,0.5,175,1100,0
80,4,5,85.52915767,0,14.47084233,0.25,30,0.5,1.282937365,0.5,125,1100,1
40,4,5,74.37742114,16.76812396,8.854454898,0.25,30,0.5,1.367183177,0.5,125,1100,1
30,1,5,74.37742114,16.76812396,8.854454898,0.176470588,40,0.388888889,1.5,0.1,90,980,1
110,3.33,6.25,85.52915767,0,14.47084233,0.5,40,0.5,1.710583153,2,120,870,1
30,10,20,100,0,0,0.428571429,100,0.428571429,3,1,88,1100,0
80,201.9482085,50,85.52915767,0,14.47084233,0.859194778,100,4.55949173,4,4,254,1100,0
80,33,25,85.52915767,0,14.47084233,0.346040407,100,0.270084939,1.702030238,1.19,175,1100,1
70,60,25,0,75.66401816,24.33598184,1.394211044,0,1.371145954,2.269920545,0.7,125,1100,0
90,8.988187269,5.181006485,80.595,0,19.4,0.363278133,30,0.485953041,1.6119,0.6,122.8596877,1100,1
80,189.3464015,50,85.52915767,0,14.47084233,0.686277253,100,4.751331359,4,4,254,1100,0
80,13.25486226,4,100,0,0,0.15,20,0.5,5,0.3,125,602.4096386,0
130,37.68568939,4,85.52915767,0,14.47084233,0.176470588,100,0.176470588,0.769762419,0.5,175,1100,0
90,15,4,85.52915767,0,14.47084233,0,46.3,0.465464548,0.023366566,0.4,50.8,1100,0
62,2,25,85.52915767,0,14.47084233,0.459179103,65.6723106,0.279702178,2.138228942,0.8,175,1100,0
80,50,25,85.73,0,14.27,0.33,60,0.25,0.025,0.8,175,1100,1
70,4,5,74.37742114,16.76812396,8.854454898,0.2,30,0.3,1.367183177,0.1,90,1000,1
100,2,5,85.52915767,0,14.47084233,0.5,30,0.5,4.276457883,0.8,120,909.2903488,1
60,4,5,74.37742114,16.76812396,8.854454898,0.25,30,0.5,1.367183177,0.5,125,1100,1
90,-0.703371295,5,100,0,0,0.25,40,0.5,0.4,0.1,90,980,1
70,4,5,74.37742114,16.76812396,8.854454898,0.2,30,0.3,1.367183177,0.5,90,1000,1
30,10,20,100,0,0,0.428571429,100,0.428571429,2.5,1,88,1100,0
80,2,25,85.52915767,0,14.47084233,0.348796808,63.45910565,0.250319708,2.138228942,0.8,175,1100,1
60,51.01669281,25,80.2284846,4.689280639,15.08223476,1.425,46.1,0.37,1.273766479,0.4,125,1100,0
120,3.33,6.25,84.5,0,15.5,0.24,43.93130182,0.428571429,1.69,2,125,1100,1
40,4,5,74.37742114,16.76812396,8.854454898,0.2,30,0.3,0.36458218,0.1,90,1000,1
80,5,5,75,0,16.70138496,0.131221719,46.7,0.6,2,0.35,50,1100,1
80,5,5,75,0,17.61955664,0.25,45.8,0.25,1.75,0.2,50,1100,1
60,4,6.974660224,40,0,22.87544371,0.5,30,0.5,0.4,1,125,1100,0
60,4.501619343,5,74.37742114,16.76812396,8.854454898,0.176,30,0.333,0.36458218,0.1,90,980,1
80,1,4.62,100,0,0,0.09375,66.67,0.410094259,0.16,0.6,125,1100,1
80,19.87895898,5,59,0,16,0.6,40,1.5,0.59,0.4,125,1100,1
80,40,3.645,59.70877787,0,9.941511515,0.33,40,0.33,2.5,0.5,175,1100,0
50,60,25,0,75.66401816,24.33598184,1.108970229,0,0.947266894,2.269920545,0.7,125,1100,0
80,25,17.64,85.52915767,0,14.47084233,0.275483208,59.29664324,0.250495304,2.25,0.8,175,1100,1
60,270,46.29038746,85.52915767,0,14.47084233,2.25415716,61.69268321,2.060287811,0.256587473,0.5,175,1100,0
90,2,5,74.37742114,16.76812396,8.854454898,0.25,30,0.5,1.5,0.4,120,870,1
60,270,48.92558452,85.52915767,0,14.47084233,1.645540756,64.7978551,1.698525054,0.256587473,0.5,175,1100,0
25,100,5,85.52915767,0,14.47084233,0.530536545,40,2.67583947,2.56587473,0.4,125,1100,0
60,18.4106625,4,85.52915767,0,14.47084233,0.176,40,0.299,0.74838013,1,175,1100,0
50,60,25,0,60.3,23.9,0.623635245,30,0.363860848,3,0.7,125,1100,0
80,4,5,74.37742114,16.76812396,8.854454898,0.185237449,30,0.346548768,0.34,0.1,90,1000,1
25,18.18052287,5,85.52915767,0,14.47084233,0.111111111,46.1,0.369863014,2.138228942,0.4,125,1100,0
25,20.66890642,5,79.37854279,2.460646234,15.82845943,1.425,46.1,0.37,2.045979726,0.4,125,1100,0
60,60,25,0,75.66401816,24.33598184,1.112402805,0,0.967019948,2.269920545,0.7,125,1100,0
70,100,25,100,0,0,1.067166344,0,3.322640636,2,1,175,1100,0
80,3,1,42.76457883,0,17.851,0.33,40,0.33,0.320734341,0.2,50,1100,1
120,15,6.25,85.52915767,0,14.47084233,0.019426246,46.3,0.403187095,0.085529158,0.4,50,1100,1
70,4,6.299615628,40,0,21.97791598,0.5,30,0.5,0.4,1,125,1100,0
80,75,50,100,0,0,0,100,0,0.5,0.25,125,1100,1
80,60,25,0,14.7,23.4,0.566178695,30,0.438359376,3,0.7,125,1100,0
80,75,50,100,0,0,0,100,0,0.5,0.25,125,1100,1
80,50,4,85.52915767,0,14.47084233,0.33,40,0.33,3.421166307,1,50,1100,1
80,3,1,38.48805,0,17.7521,0.142857143,40,0.333,0.288660375,0.2,50,1100,1
80,50,4,85.52915767,0,14.47084233,0.052631579,20,0.428571429,0.38,0.2,50,1100,1
80,0.5,4,85.52915767,0,14.47084233,0.3,40,0.3,1.710583153,0.24,125,1100,1
80,10.43487187,1,77.1429,0,14.9804,0.176470588,20,0.176470588,1.542858,0.5,125,1100,1
80,300,25,85.52915767,0,14.47084233,0.3,47,0.2385,0.1,0.1,175,1100,1
90,130.8010375,8,85.52915767,0,14.47084233,0.052631579,40,26.04166667,1.710583153,0.96,125,1100,0
50,100,5.29,100,0,0,4.545454545,100,3,0.55,0.5,175,1100,0
30,10,20,100,0,0,0.428571429,100,0.428571429,1.5,1,88,1100,0
