OT,FR,AA,IR,RU,O,ICA,PT,ICC,AL,CL,MT,EW,CD20
60,270,48.70743937,85.52915767,0,14.47084233,1.81430178,66.99913458,1.664700164,0.256587473,0.5,175,1100,1.81487
100,75,50,100,0,0,0,100,0,0.25,0.25,50,825,8.6742
60,4,5,44.62645268,10.06087438,5.312672939,0.176470588,40,0.388888889,0.4,0.1,50,980,4.62623
80,50,4,85.52915767,0,14.47084233,0.428571429,20,0.428571429,0.38,0.2,50,1100,3.97142
90,2,5,85.52915767,0,14.47084233,0.5,30,0.5,4.276457883,0.8,120,910.8087456,2.2074
80,40,3.645,51.42857143,0,15.97069593,0.283960741,40,0.324856585,0.514285714,0.5,175,1100,1.26414
80,3,1,38.48805,0,17.7521,0.142857143,40,0.333,0.288660375,0.2,50,1100,5.26099706
50,12.79225342,5,85.52915767,0,14.47084233,0.25,40,0.5,0.4,0.1,90,980,3.22561
80,5,5,75,0,17.5,0.13,4.8,0.25,1.58,0.025,50,1100,6.28665
40,4,5,74.37742114,16.76812396,8.854454898,0.25,30,0.5,1.367183177,0.5,125,1100,2.424
80,33,25,85.52915767,0,14.47084233,0.346040407,100,0.270084939,1.702030238,1.19,175,1100,2.36893
80,3,1,38.48805,0,17.7521,0.142857143,40,0.333,0.288660375,0.2,50,1099.293143,7.17667133
120,15,6.25,85.52915767,0,14.47084233,0,46.5,0.566669369,0.02736933,0.4,50,1100,0.46786
60,270,46.29038746,85.52915767,0,14.47084233,2.25415716,61.69268321,2.060287811,0.256587473,0.5,175,1100,1.35953
80,50,4,85.52915767,0,14.47084233,0.33,40,0.33,3.421166307,2,50,1100,5.20367
60,55.44484811,25,79.37854279,2.460646234,15.82845943,1.425,46.1,0.37,1.227587835,0.4,175,1100,1.33994
80,50,4,85.52915767,0,14.47084233,0.33,40,0.33,3.421166307,0.5,50,1100,4.1206
80,109.4797653,50,32.57142857,0,30.26987009,0.709577908,61.15418245,1.292839834,0.651428571,0.4,125,1100,3.7278
80,1,5,74.37742114,16.76812396,8.854454898,0.2,40,0.39,0.34,0.1,90,980,4.50965
60,4,5,74.37742114,16.76812396,8.854454898,0.2,30,0.3,1.367183177,0.5,90,1000,4.01997
90,4,5,44.62645268,10.06087438,5.312672939,0.176470588,40,0.388888889,0.4,0.1,50,980,6.03905
80,40,3.645,85.52915767,0,14.47084233,0.33,40,0.33,2.5,0.5,175,1100,1.166
70,60,25,0,75.66401816,24.33598184,1.394211044,0,1.371145954,2.269920545,0.7,125,1100,1.25566
60,33,25,85.52915767,0,14.47084233,0.352622458,100,0.304951422,1.702030238,1.31,175,1100,2.37546
80,20,5,74.37742114,16.76812396,8.854454898,0,100,0,2.734366353,0.051,125,1100,2.86742
80,219.4653072,82.68568154,94.5,0,0,1.298759141,100,3.166666667,0.1,0.703173093,158.3697046,1100,2.35274
60,45,22.7,85.52915767,0,14.47084233,0.15,40,0.2,2.993520518,0.6,175,1100,0.46769
80,4,5,74.37742114,16.76812396,8.854454898,0.2,30,0.3,1.367183177,0.1,90,1000,5.3024
80,46.54984771,4,0,75.66401816,24.33598184,0.33,40,0.33,1.930846742,0.549794743,125,1100,2.82957
90,1,5,74.37742114,16.76812396,8.854454898,0.176470588,40,0.388888889,1.5,0.1,90,980,4.7781
130,40.22818585,4,51.42857143,0,24.59807287,0.176470588,100,0.176470588,0.462857143,0.5,175,1100,2.3604
80,2,5,74.37742114,16.76812396,8.854454898,0.25,30,0.5,1.5,0.4,120,870,4.48294
80,4,5,85.52915767,0,14.47084233,0.25,30,0.5,1.282937365,0.5,125,1100,3.609
80,25,17.64,85.52915767,0,14.47084233,0.176470588,60,0.176470588,1.881641469,0.8,175,1100,2.7459
30,10,20,20,0,0,0.428571429,100,0.428571429,0.3,1,88,1100,1.40572
60,4,6.974660224,40,0,22.87544371,0.5,30,0.5,0.4,1,125,1100,0.72766
80,2,5.096994823,85.52915767,0,14.47084233,0.5,30,0.5,4.276457883,0.8,125,1089.811597,2.09904
80,1,4.62,100,0,0,0.1875,66.67,0.422209462,0.08,0.6,125,1100,2.02864
30,4,5,74.37742114,16.76812396,8.854454898,0.2,30,0.3,1.367183177,0.1,90,1000,2.64537
80,50,4,85.52915767,0,14.47084233,0.33,40,0.33,1.710583153,0.5,50,1100,4.50971
60,100,5.29,100,0,0,0,100,3,0.55,0.5,175,1100,0.510260423
80,40,16,85.52915767,0,14.47084233,3,7,0.33,0.9,0.25,50,1100,6.3474
80,177.3537945,46.44061618,85.52915767,0,14.47084233,1.25,20,2.695305855,0.342116631,0.716088856,175,1100,1.05672706
80,4,5,74.37742114,16.76812396,8.854454898,0.25,30,0.5,1.367183177,0.5,105,1219.5,3.431
80,3.333333333,25,85.52915767,0,14.47084233,0.11,46,0.35,0.342116631,0.25,125,1100,2.12646
80,1.5,5,40,0,0,0.281176263,46,0.546633737,0.4,0.184,50,1100,1.65573
60,100,5.29,100,0,0,4.545454545,100,3,0.55,0.5,175,1100,1.491552293
30,10,20,100,0,0,0.428571429,100,0.428571429,1,1,88,1100,1.00185969
100,2,5,85.52915767,0,14.47084233,0.5,30,0.5,4.276457883,0.8,125,1100,1.35647
80,2,25,85.52915767,0,14.47084233,0.348796808,63.45910565,0.250319708,2.138228942,0.8,175,1100,2.45851
70,4,6.299615628,40,0,21.97791598,0.5,30,0.5,0.4,1,125,1100,0.93263
90,50,4,85.52915767,0,14.47084233,0.052631579,20,0.428571429,0.38,0.2,50,1100,6.44632
60,270,48.46351845,85.52915767,0,14.47084233,2.150691132,59.34613525,1.812971149,0.256587473,0.5,175,1100,1.08824
120,2,5.214930901,85.52915767,0,14.47084233,0.5,30,0.5,4.276457883,0.8,125,1104.744499,0.99994
80,18.88169371,5,74.37742114,16.76812396,8.854454898,0.322609985,71.48829017,0.3132326,2.734366353,3,175,1100,2.61749
80,60,25,0,14.7,23.4,0.566178695,30,0.438359376,3,0.7,125,1100,0.47874
120,2,5,85.52915767,0,14.47084233,0.5,30,0.5,4.276457883,0.8,125,1100,0.30477
100,75,50,100,0,0,0,100,0,1,0.25,50,825,8.60129
80,179.253238,67.42374679,93.6,0,0,1.335046695,100,3.166666667,0.1,0.680885379,131.7718913,1100,3.27924
80,23.18781906,8,85.52915767,0,14.47084233,0.052631579,20,0.547779252,0.230928726,0.31848447,50,1100,3.44108
90,2,5,85.52915767,0,14.47084233,0.5,30,0.5,4.276457883,0.8,125,1100,1.25382
120,15,6.25,85.52915767,0,14.47084233,0.019426246,46.3,0.403187095,0.085529158,0.4,50,1100,7.046
50,4,5,74.37742114,16.76812396,8.854454898,0.2,30,0.3,1.367183177,0.5,90,1000,3.61103
90,15,6.25,85.52915767,0,14.47084233,0.024426311,46.3,0.408384648,0.085529158,0.4,50,1100,2.693
120,3.33,6.25,85.52915767,0,14.47084233,0.5,40,0.5,1.710583153,2,120,870,4.58
80,50,4,85.52915767,0,14.47084233,0.33,40,0.33,0.427645788,0.5,50,1100,2.30184
120,2,5,85.52915767,0,14.47084233,0.5,30,0.5,4.276457883,0.8,120,901.0009666,2.52474
40,20,25,100,0,0,0.26887693,100,0.187223176,1,0.3,121.633866,1100,1.107
70,100,25,100,0,0,1.067166344,0,3.322640636,2,1,175,1100,1.03826
60,3.33,6.25,85.52915767,0,14.47084233,0.5,40,0.5,1.710583153,2,120,870,2.724
80,2.106228127,5,100,0,0,0.25,40,0.5,0.4,0.1,90,980,2.02659
80,4.166666667,100,85.52915767,0,14.47084233,0.299736894,100,0.113758053,1.026349892,0.4,175,1100,1.13916
80,3,1,85.73,0,14.27,0.151776541,40,0.362015213,0.642975,0.2,50,1100,5.25875
90,4.41005401,5,74.37742114,16.76812396,8.854454898,0.176,30,0.333,0.36458218,0.1,90,980,5.78513
80,40,3.645,34.28571429,0,16.81318675,0.302852659,40,0.225395849,0.342857143,0.5,175,1100,1.14283
80,40,4,85.52915767,0,14.47084233,0.1,60,0.28,1.282937365,0.3,115,360,6.5266
60,1.525835128,5,74.37742114,16.76812396,8.854454898,0.176,30,0.333,0.36458218,0.1,90,980,3.98013
80,25,17.64,85.52915767,0,14.47084233,0.275483208,59.29664324,0.250495304,2.25,0.8,175,1100,2.3194
20,20,5,74.37742114,16.76812396,8.854454898,0.267789667,100,0.419134153,2.734366353,3,125,1100,1.5633
40,100,5.29,100,0,0,0,100,3,0.55,0.5,175,1100,0.275544107
90,130.8010375,8,85.52915767,0,14.47084233,0.052631579,40,26.04166667,1.710583153,0.96,125,1100,1.40892
25,18.07778353,5,68.32740214,15.40416878,16.26842908,0.111111111,46.1,0.369863014,2.093289273,0.4,125,1100,0.55412
30,10,20,100,0,0,0.428571429,100,0.428571429,3,1,88,1100,0.99184596
40,20,5,74.37742114,16.76812396,8.854454898,0.201789391,100,0.246510782,2.734366353,3,125,1100,2.19523
60,100,5.29,100,0,0,0.909090909,100,3,0.55,0.5,175,1100,0.694591387
80,3.33,6.25,85.52915767,0,14.47084233,0.5,40,0.5,1.710583153,2,120,870,3.964
80,68.48132884,2,85.52915767,0,14.47084233,0.176470588,20,0.176470588,1.710583153,0.2,175,1100,2.21099
30,10,20,100,0,0,0.667,100,0.428571429,1.5,1,88,1100,0.74643
80,3,1,38.48805,0,17.7521,0.160804695,40,0.317185376,0.288660375,0.2,50,1100,7.31062
50,300,25,85.52915767,0,14.47084233,0.15,100,0.15,0.085529158,0,175,1100,1.4663
25,63,4,50,26.30208333,8.333333333,0.72519596,10,0.863294513,2.062026291,0.377212257,125,1100,0.05694611
100,75,50,100,0,0,0,100,0,0.25,0.25,50,825,9.12412
80,4,5,74.37742114,16.76812396,8.854454898,0.176470588,40,0.388888889,0.3,0.1,50,980,6.03118
80,40,3.645,85.71428571,0,14.28571429,0.583695267,40,0.477445702,0.857142857,0.5,175,1100,1.19609
60,270,45.54812639,85.52915767,0,14.47084233,2.073970786,61.07115408,1.791124577,0.256587473,0.5,175,1100,1.24343
80,3.333333333,25,85.52915767,0,14.47084233,0.11,46,0.35,0.196717063,0.25,125,1100,1.62639
30,6.795267144,5,85.52915767,0,14.47084233,0.25,40,0.5,0.4,0.1,90,980,2.2803
60,95,63.5,85.52915767,0,14.47084233,0.15,40,0.2,0.829632829,0.6,175,1100,1.07419
100,75,50,100,0,0,0,100,0,0.5,0.25,50,825,8.50576
100,2,5,85.52915767,0,14.47084233,0.5,30,0.5,4.276457883,0.8,120,918.6766929,2.31572
80,3.333333333,25,85.52915767,0,14.47084233,0.11,46,0.35,0.085529158,0.25,125,1100,1.31522
80,50,5,52.87553066,0,16.94728547,0.33,70,0.33,0.79313296,0.57,125,1100,2.97515
90,126.352113,8,85.52915767,0,14.47084233,0.052631579,40,21.875,1.710583153,0.96,125,1100,1.74835
80,201.9482085,50,85.52915767,0,14.47084233,0.859194778,100,4.55949173,4,4,254,1100,1.23807
90,2,5,85.52915767,0,14.47084233,0.5,30,0.5,4.276457883,0.8,120,906.4787134,2.12456
40,4,5,74.37742114,16.76812396,8.854454898,0.2,30,0.3,1.367183177,0.1,90,1000,3.10931
70,33.9902841,25,85.52915767,0,14.47084233,0.302222534,100,0.284803411,0.855291577,0.3,125,1100,2.15199847
90,2,5,85.52915767,0,14.47084233,0.5,50,0.5,2,0.3,120,870,4.444
80,40,5,85.52915767,0,14.47084233,0.67,40,0.67,0.2,0.5,125,1100,1.6033
80,1,5,74.37742114,16.76812396,8.854454898,0.176470588,40,0.388888889,0.4,0.1,90,980,4.41218
70,2,5,74.37742114,16.76812396,8.854454898,0.25,30,0.5,1.5,0.4,120,870,4.06503
110,3.33,6.25,85.52915767,0,14.47084233,0.5,40,0.5,1.710583153,2,70,206.185567,3.672
80,50,25,85.73,0,14.27,0.33,60,0.25,0.005,0.8,175,1100,2.275
70,3.634025044,5,100,0,0,0.25,40,0.5,0.4,0.1,90,980,1.73243
100,4,5,74.37742114,16.76812396,8.854454898,0.25,30,0.5,1.367183177,0.5,105,1031,3.014
50,2,5,74.37742114,16.76812396,8.854454898,0.25,30,0.5,1.5,0.4,120,870,3.27291
80,10,20,100,0,0,0.667,100,0.428571429,1.5,1,88,1100,2.63429
80,300,25,85.52915767,0,14.47084233,0.8,47,0.2385,0.1,0.1,175,1100,2.08937
25,1,15.84755052,100,0,0,0.455737797,100,0.409580409,2.2,0.8,175,1100,0.22422
80,170.4751056,37.70187597,85.52915767,0,14.47084233,5,20,2.305975152,0.085529158,0.708260779,175,1100,0.96801369
60,45,22.7,85.52915767,0,14.47084233,0.15,40,0.2,0.855291577,0.6,175,1100,1.12885
120,15,6.25,85.52915767,0,14.47084233,0.045069975,46.3,0.417307997,0.085529158,0.4,50,1100,8.342
110,2,5,85.52915767,0,14.47084233,0.5,30,0.5,4.276457883,0.8,125,1100,0.78504
90,122.8661049,8,85.52915767,0,14.47084233,0.052631579,40,16.66666667,1.710583153,0.96,125,1100,1.76903
100,75,50,100,0,0,0,100,0,0.375,0.25,50,825,8.62794
80,40,3.645,0,75.66401816,24.33598184,0.419722608,40,0.450187228,1.891600454,0.5,175,1100,2.0831
80,4,5,74.37742114,16.76812396,8.854454898,0.2,30,0.3,0.36458218,0.1,90,1000,4.28858
50,300,25,85.52915767,0,14.47084233,0.15,100,0.15,2.56587473,0.2,175,1100,1.79981
80,11.42418465,8,17.14285714,0,13.09596686,0.052631579,20,0.331245219,0.018857143,0.299019417,50,1100,4.06721
50,60,25,0,75.66401816,24.33598184,0.954702409,0,0.950891886,2.269920545,0.7,125,1100,0.65716
80,50,4,85.52915767,0,14.47084233,0,20,0.428571429,0.38,0.2,50,1100,5.4272
30,10,20,100,0,0,0.25,100,0.428571429,1.5,1,88,1100,1.42939
30,4,5,85.52915767,0,14.47084233,0.25,30,0.5,1.282937365,0.5,125,1100,1.735
80,4,5,74.37742114,16.76812396,8.854454898,0.181193633,30,0.32487551,0.34,0.1,90,1000,4.18756
60,270,46.72177337,85.52915767,0,14.47084233,1.760277361,66.92663957,1.478754654,0.256587473,0.5,175,1100,1.83121
80,150,7,74.37742114,16.76812396,8.854454898,0.824689587,100,7.342904561,1.458328722,4,125,1100,1.30034
80,60,25,0,75.66401816,24.33598184,1.370227109,0,1.32614018,2.269920545,0.7,125,1100,1.33834
80,7,4,0,39.10927536,22.95889891,0.299340305,40,0.472441305,1.173278261,0.6,125,1100,1.877
60,4,11.34578027,25.6587473,0,32.341,0.5,30,0.5,0.256587473,1,125,1100,0.42829
80,4,6.36097945,40,0,21.73924112,0.5,30,0.5,0.4,1,125,1100,1.1626
50,100,5.29,100,0,0,4.545454545,100,3,0.55,0.5,175,1100,1.2573874
80,40,4,85.52915767,0,14.47084233,0.1,60,0.28,1.282937365,0.3,115,360,3.25241
60,100,5.29,100,0,0,2.727272727,100,3,0.55,0.5,175,1100,1.827698393
80,40,3.645,57.81239854,0,9.625764357,0.33,40,0.33,2.5,0.5,175,1100,0.97
100,3.33,6.25,85.52915767,0,14.47084233,0.5,40,0.5,1.710583153,2,120,870,4.957
80,216.0759697,84.77637295,100,0,0,1.052094626,100,3.166666667,0.1,0.796856937,160.7500869,1100,1.99713
120,15,6.25,85.52915767,0,14.47084233,0,46.5,0.550215476,0.086718013,0.4,50,1100,0.74569
40,4,5,44.62645268,10.06087438,5.312672939,0.176470588,40,0.388888889,0.4,0.1,50,980,3.47348
130,37.68568939,4,85.52915767,0,14.47084233,0.176470588,100,0.176470588,0.769762419,0.5,175,1100,0.87822
50,4,5,74.37742114,16.76812396,8.854454898,0.2,30,0.3,1.367183177,0.1,90,1000,3.53537
80,50,4,85.52915767,0,14.47084233,0.33,40,0.33,3.421166307,0.05,50,1100,3.40886
50,32.8446522,1,85.73,0,14.27,0.176470588,20,0.176470588,1.7146,0.5,125,1100,1.61305
80,75,50,100,0,0,0,100,0,0.5,0.25,125,1100,5.76068
62,2,25,85.52915767,0,14.47084233,0.459179103,65.6723106,0.279702178,2.138228942,0.8,175,1100,1.86935
100,75,50,100,0,0,0,100,0,0.25,0.25,50,825,0.8509
90,15,4,85.52915767,0,14.47084233,0.302569627,0,1.139246151,0.085529158,0,50,1100,0.73064
70,60,25,0,83.55,16.45,1.209403102,0,0.949670782,2.5065,0.7,125,1100,0.932
40,50,4,85.52915767,0,14.47084233,0.052631579,20,0.428571429,0.38,0.2,50,1100,2.81902
40,8.093331718,5,100,0,0,0.25,40,0.5,0.4,0.1,90,980,1.12399
60,51.01669281,25,80.2284846,4.689280639,15.08223476,1.425,46.1,0.37,1.273766479,0.4,125,1100,1.09187
60,22.65314054,4,85.52915767,0,14.47084233,0.176,40,0.299,0.74838013,1,175,1100,0.92588
80,40,2.89,85.52915767,0,14.47084233,0.331638452,40,0.53927078,0.27,0.5,175,1100,2.34466
80,18.36534503,5,59,0,16,1.25,40,1.5,0.5,0.4,125,1100,2.19482
80,77.42553304,19.99378136,85.52915767,0,14.47084233,2.5,20,1.384231215,0.171058315,0.738396482,175,1100,1.08207369
50,4,5,74.37742114,16.76812396,8.854454898,0.25,30,0.5,1.367183177,0.5,125,1100,2.838
25,5,19.52906292,100,0,0,0.462567083,100,0.360291006,2.2,0.8,175,1100,0.32392
120,15,6.25,85.52915767,0,14.47084233,0,46.5,0.430129594,0.885714298,0.4,50,1100,2.0819
90,3.33,6.25,85.52915767,0,14.47084233,0.5,40,0.5,1.710583153,2,120,870,4.188
30,10,20,100,0,0,0.428571429,100,0.428571429,2,1,88,1100,1.10424498
60,60,25,0,60.3,23.9,0.651617251,30,0.352986376,3,0.7,125,1100,0.91941
60,270,46.628956,85.52915767,0,14.47084233,1.664678144,63.55320148,1.524590647,0.256587473,0.5,175,1100,1.44312
80,25,17.64,85.52915767,0,14.47084233,0.286056419,57.86464151,0.231387366,2.25,0.8,175,1100,3.23087
80,40.84253457,25,74.37742114,16.76812396,8.854454898,0.43,40,0.33,0.911455451,0.4,50,1100,2.25842
30,10,20,100,0,0,0.428571429,100,0.428571429,1.5,1,50,1100,1.44124
110,2,5,85.52915767,0,14.47084233,0.5,30,0.5,4.276457883,0.8,120,946.4664688,1.16564
70,4,5,44.62645268,10.06087438,5.312672939,0.176470588,40,0.388888889,0.4,0.1,50,980,5.22751
100,75,50,100,0,0,0,100,0,0.25,0.25,50,825,7.12536
80,3.333333333,25,85.52915767,0,14.47084233,0.11,46,0.35,0.607257019,0.25,125,1100,2.36018
80,3.333333333,25,85.52915767,0,14.47084233,0.11,46,0.35,0.273693305,0.25,125,1100,1.91488
80,3,1,64.11,0,16.02,0.20596053,40,0.340993866,0.6411,0.2,50,1100,5.2552
80,50,4,85.52915767,0,14.47084233,0.33,40,0.33,3.421166307,1,50,1100,4.5222
40,20,5,74.37742114,16.76812396,8.854454898,0.255159189,100,0.354998409,2.734366353,3,125,1100,2.33383
60,270,45.3593416,85.52915767,0,14.47084233,2.253014729,57.95189289,1.693547103,0.256587473,0.5,175,1100,1.05921
80,75,50,100,0,0,0,100,0,0.5,0.25,125,1100,3.44546
80,4,5,74.37742114,16.76812396,8.854454898,0.25,30,0.5,1.367183177,0.5,105,1031,3.029
90,0.527671846,3.549686161,22.69920545,27.36933045,20.0014641,0.336612078,30,0.433214556,1.001370718,0.6,121.7392955,1100,2.51459
70,4,5,74.37742114,16.76812396,8.854454898,0.2,30,0.3,0.36458218,0.1,90,1000,4.12402
80,34.05213489,4,100,0,0,0.3333,70,0.3333,0.873,0.7,50,1100,3.50135
55,131.8694592,120,100,0,0,0.492142612,100,3.362664391,1,0.9,125,1100,2.12659
25,63,4,74.37742114,16.76812396,8.854454898,0.73255738,10,0.8805082,2.319046959,0.352136828,125,1100,0.04051375
100,75,50,100,0,0,0,100,0,0.25,0.25,50,825,0.66088
60,10,20,100,0,0,0.667,100,0.428571429,1.5,1,88,1100,2.18379
80,300,25,85.52915767,0,14.47084233,0.6,47,0.2385,0.1,0.1,175,1100,2.47087
40,60,25,0,60.3,23.9,0.649367093,30,0.360181846,3,0.7,125,1100,0.73764
80,5,5,75,0,17.61955664,0.25,45.8,0.25,1.75,0.2,50,1100,7.34876
80,4,5,44.62645268,10.06087438,5.312672939,0.176470588,40,0.388888889,0.4,0.1,50,980,6.83331
90,2,5,74.37742114,16.76812396,8.854454898,0.25,30,0.5,1.5,0.4,120,870,4.87267
80,2000,250,85.52915767,0,14.47084233,2.170319628,46,1.873798728,0.855291577,0.5,175,1100,1.31555
80,1,5,74.37742114,16.76812396,8.854454898,0.176470588,40,0.388888889,1.5,0.5,90,980,4.839
70,149.5460768,25,85.52915767,0,14.47084233,1.639597676,100,2.206784502,0.855291577,0.3,254,1100,1.52467
120,3.33,6.25,84.5,0,15.5,0.24,43.93130182,0.428571429,1.69,2,125,1100,4.0821
80,5.515116088,5,74.37742114,16.76812396,8.854454898,0.176,30,0.333,0.36458218,0.1,90,980,5.07412
80,20,5,74.37742114,16.76812396,8.854454898,0.161499397,100,0.12074659,2.734366353,3,125,1100,5.18
80,4.819154086,5,74.37742114,16.76812396,8.854454898,0.176,30,0.333,0.36458218,0.1,90,980,5.44752
80,5,5,75,0,16.78919732,0.131221719,46.7,0.6,2,0.35,50,1100,5.70918
55,40.11437804,8,68.33,15.4,16.27,0.416568174,40,0.255521318,2.5119,0.6,175,1100,0.99483
60,37.49612841,5,85.52915767,0,14.47084233,0.725839461,100,0.586807681,1.710583153,2,175,1100,1.3831
30,10,20,100,0,0,0.428571429,100,0.428571429,1.5,1,125,1100,0.69267
80,41.16415899,14.76826673,85.52915767,0,14.47084233,0.18,40,0.435176247,0.940820734,0.5,175,1100,0.36438
80,4,5,74.37742114,16.76812396,8.854454898,0.185237449,30,0.346548768,0.34,0.1,90,1000,4.15601
40,8.912526762,5,85.52915767,0,14.47084233,0.25,40,0.5,0.4,0.1,90,980,2.69665
80,4,5,74.37742114,16.76812396,8.854454898,0.2,30,0.3,0.36458218,0.1,90,1000,4.43736
80,40,3.645,85.52915767,0,14.47084233,0.402491773,40,0.457914718,2.138228942,0.5,175,1100,1.90794
120,2,5,85.52915767,0,14.47084233,0.5,30,0.5,4.276457883,0.8,120,960.7222459,0.49279
70,4,10.63367693,25.6587473,0,32.341,0.5,30,0.5,0.256587473,1,125,1100,0.44569
80,40,1,85.52915767,0,14.47084233,0.25,0,2,1.5,0,125,1100,0.59894
80,19.87895898,5,59,0,16,0.6,40,1.5,0.59,0.4,125,1100,2.34775
40,100,5.29,100,0,0,2.727272727,100,3,0.55,0.5,175,1100,1.356634723
80,500,29.16,85.52915767,0,14.47084233,1.049165401,100,6.007528044,2.03,1.05,125,1100,1.38025
80,40,3.645,59.70877787,0,9.941511515,0.33,40,0.33,2.5,0.5,175,1100,0.75
80,40,3.645,66.86367932,0,11.13280261,0.33,40,0.33,2.5,0.5,175,1100,0.95
80,192.1973963,50,85.52915767,0,14.47084233,0.806166095,100,4.847154112,4,4,254,1100,1.20602
60,60,25,0,83.55,16.45,1.126928022,0,0.944699498,2.5065,0.7,125,1100,0.876
60,20,5,74.37742114,16.76812396,8.854454898,0.175165486,100,0.146826524,2.734366353,3,125,1100,2.75734
25,25.24166274,5,80.2284846,4.689280639,15.08223476,1.425,46.1,0.37,2.122944131,0.4,125,1100,0.63375
25,18.37904887,5,74.63556851,9.815354713,15.54907677,0.111111111,46.1,0.369863014,2.111273081,0.4,125,1100,0.60141
70,73.67296446,25,85.52915767,0,14.47084233,0.326579634,100,0.303370427,0.855291577,0.3,175,1100,2.01371
90,-0.703371295,5,100,0,0,0.25,40,0.5,0.4,0.1,90,980,2.24329
60,270,48.85327592,85.52915767,0,14.47084233,1.646253841,65.14367413,1.68144379,0.256587473,0.5,175,1100,1.45668
70,3.070466907,5,74.37742114,16.76812396,8.854454898,0.176,30,0.333,0.36458218,0.1,90,980,4.63633
60,2,5,74.37742114,16.76812396,8.854454898,0.25,30,0.5,1.5,0.4,120,870,3.69659
80,1,1,19.1,0,3.231565657,0.43,46,0.43,0.5,0.5,175,1100,2.72481
25,300,5,85.52915767,0,14.47084233,0.522031656,40,5.254507803,2.56587473,0.4,125,1100,0.00844
80,150,7,34.21166307,0,5.788336933,1.506886673,100,6.718206329,0.547386609,4,125,1100,1.17159
80,28.71932958,8,17.14285714,0,13.09596686,0.052631579,20,0.358124056,0.1,0.367570086,175,1100,1.93346
40,4,5,74.37742114,16.76812396,8.854454898,0.2,30,0.3,0.36458218,0.1,90,1000,2.70646
22,0.166666667,5,74.37742114,16.76812396,8.854454898,0.25,100,0.25,2.734366353,0.5,125,1100,0.602
80,3,1,38.48805,0,17.7521,0.111111111,40,0.333,0.288660375,0.2,50,1100.780395,9.24032662
120,15,6.25,85.52915767,0,14.47084233,0,46.5,0.57162082,2.305618056,0.4,50,1100,0.96879
80,222.2528809,82.85003303,98.3,0,0,1.359309054,100,3.166666667,0.1,0.704505202,153.2730029,1100,2.26081
80,2,5,85.52915767,0,14.47084233,0.5,30,0.5,4.276457883,0.8,120,911.8337149,1.98478
60,4,5,74.37742114,16.76812396,8.854454898,0.25,30,0.5,1.367183177,0.5,125,1100,3.27
60,79.57353151,25,79.37854279,2.460646234,15.82845943,1.425,46.1,0.37,1.227587835,0.4,175,1100,1.21902
90,4,5,74.37742114,16.76812396,8.854454898,0.25,30,0.5,1.367183177,0.5,125,1100,4.279
90,43.60864492,4,85.52915767,0,14.47084233,0.176470588,100,0.176470588,0.769762419,0.5,175,1100,0.72068
80,3,1,38.48805,0,17.7521,0.146996111,40,0.317235791,0.288660375,0.2,50,1100,8.75502
30,60,25,0,75.66401816,24.33598184,0.991478011,0,0.895946091,2.269920545,0.7,125,1100,0.605
58,2,25,85.52915767,0,14.47084233,0.436633416,63.88676437,0.184765936,2.138228942,0.8,175,1100,1.81231
80,25,17.64,85.52915767,0,14.47084233,0.348193311,60.56907602,0.26292885,2.25,0.8,175,1100,2.51661
80,3,1,36.5,0,18.25,0.225238741,40,0.531730458,0.365,0.2,50,1100,3.46352
20,20,5,74.37742114,16.76812396,8.854454898,0.225125144,100,0.4166106,2.734366353,3,125,1100,1.6641
100,2,5,85.52915767,0,14.47084233,0.5,30,0.5,4.276457883,0.8,120,909.2903488,2.30758
25,29.54840386,1,85.73,0,14.27,0.176470588,20,0.176470588,1.7146,0.5,125,1100,0.99128
80,40,3.645,66.86367932,0,11.13280261,0.33,40,0.33,2.5,0.5,175,1100,0.90039
80,5,5,75,0,16.57390417,0.131221719,46.7,0.6,2,0.35,50,1100,5.36761
90,15,4,85.52915767,0,14.47084233,0,46.3,0.373892784,0.224573909,0.4,50.8,1100,2.09627
80,10.30096611,5,85.52915767,0,14.47084233,0.25,40,0.5,0.4,0.1,90,980,4.48945
80,5,5,75,0,16.70138496,0.131221719,46.7,0.6,2,0.35,50,1100,7.17113
80,5,5,75,0,17.5,0.13,4.8,0.25,0.2,0.025,50,1100,3.48153
70,60,25,0,75.66401816,24.33598184,1.125104047,0,0.976247596,2.269920545,0.7,125,1100,0.80845
60,50,4,85.52915767,0,14.47084233,0.052631579,20,0.428571429,0.38,0.2,50,1100,4.58485
60,40,4.5,85.52915767,0,14.47084233,3,1.4,10,2,0.025,50,1100,1.6338
50,2,5,85.52915767,0,14.47084233,0.5,50,0.5,2,0.3,120,870,3.041
80,500,29.16,85.52915767,0,14.47084233,1.164343559,100,5.153302107,2.03,1.05,79.5,869.5652174,0.93482
60,65.94589259,25,80.2284846,4.689280639,15.08223476,1.425,46.1,0.37,1.486060892,0.4,175,1100,0.82784
30,9.112791211,11.00729383,80.595,0,19.4,0.517101628,30,0.326398069,1.6119,0.6,145.4483226,1100,0.88362
60,20,5,74.37742114,16.76812396,8.854454898,0.230951622,100,0.327786126,2.734366353,3,125,1100,2.75282
80,50,5,100,0,0,0.33,70,0.33,1.5,0.57,125,1100,2.91451
30,10,20,100,0,0,0.111111111,100,0.428571429,1.5,1,88,1100,1.42939
80,5,5,75,0,16.54944357,0.040582726,46.7,0.6,2,0.35,50,1100,7.00571
80,50,4,85.52915767,0,14.47084233,0.33,40,0.33,2.56587473,0.5,50,1100,5.07837
80,40,3.645,34.28571429,0,16.02060897,0.318160019,40,0.236312215,0.342857143,0.5,175,1100,0.90279
80,50,4,85.52915767,0,14.47084233,0.25,20,0.428571429,0.38,0.2,50,1100,5.05017
80,4,5,74.37742114,16.76812396,8.854454898,0.2,30,0.3,1.367183177,0.5,90,1000,5.1209
80,300,25,85.52915767,0,14.47084233,0.1,47,0.2385,0.1,0.1,175,1100,3.00202
80,6,1,100,0,0,0.281309906,20,0.550190187,2,0.5,125,1100,1.66014
25,22.36134449,5,76.72992366,2.378541997,15.30031216,1.425,46.1,0.37,1.977711641,0.4,125,1100,0.33727
80,0.5,4,85.52915767,0,14.47084233,0.3,40,0.3,1.710583153,0.24,125,1100,2.909
80,133.8868696,50,74.57142857,0,17.63723082,0.52331276,56.65162919,1.630061366,1.491428571,0.4,125,1100,2.55244
80,40,3.645,68.57142857,0,15.12820511,1.394017747,40,1.599086947,0.685714286,0.5,175,1100,1.39233
80,4,5,44.62645268,10.06087438,5.312672939,0.176470588,40,0.388888889,0.4,0.1,50,980,5.5118
80,4,5,74.37742114,16.76812396,8.854454898,0.201325636,30,0.389774359,1.27,0.1,90,1000,4.39963
80,40,4,85.52915767,0,14.47084233,0.22,60,1,1.282937365,0.3,125,1100,2.48969
110,2,5,85.52915767,0,14.47084233,0.5,30,0.5,4.276457883,0.8,125,1100,1.37768
80,1.5,5,100,0,0,0.374007744,46,0.624647855,1,0.184,50,1100,1.30494
60,50,25,85.52915767,0,14.47084233,0.311112088,100,0.146421,2.5,0.8,175,1100,2.085
80,13.93423115,1,51.4286,0,17.0646,0.176470588,20,0.176470588,1.028572,0.5,125,1100,1.22856
56,2,25,85.52915767,0,14.47084233,0.41609371,61.73340883,0.303549883,2.138228942,0.8,175,1100,1.76563
80,200.8792996,75,100,0,0,0.822986315,100,2.359664076,0.2,0.4,175,1100,1.00703
80,3.33,6.25,84.5,0,15.5,0.24,45.01864041,0.428571429,1.69,2,125,1100,2.86936
80,50,4,85.52915767,0,14.47084233,0.052631579,20,0.428571429,0.38,0.2,50,1100,6.14089
30,60,25,0,75.66401816,24.33598184,0.923948621,0,0.894820447,2.269920545,0.7,125,1100,0.51698
60,3.33,6.25,85.52915767,0,14.47084233,0.5,40,0.5,1.710583153,2,120,870,1.809
80,50,25,85.73,0,14.27,0.33,60,0.25,0,0.8,175,1100,1.85
50,60,25,0,83.55,16.45,1.093165594,0,0.943999767,2.5065,0.7,125,1100,0.801
25,50,4,85.52915767,0,14.47084233,0.052631579,20,0.428571429,0.38,0.2,50,1100,1.8774
90,15,4,85.52915767,0,14.47084233,0,46.3,0.438682321,0.462011404,0.4,50.8,1100,1.49207
80,68.19816646,15.06164193,85.52915767,0,14.47084233,1.666666667,20,1.304913997,0.256587473,0.742630275,175,1100,1.05949211
80,50,25,85.73,0,14.27,0.33,60,0.25,0.025,0.8,175,1100,2.559
80,6,1,100,0,0,0.319707965,0,1.216631476,2,0,125,1100,1.07653
70,4,5,74.37742114,16.76812396,8.854454898,0.2,30,0.3,1.367183177,0.1,90,1000,4.49189
60,5.88203717,5,100,0,0,0.25,40,0.5,0.4,0.1,90,980,1.51353
80,50,5,85.52915767,0,14.47084233,0.33,70,0.33,1.282937365,0.57,125,1100,3.14129
110,3.33,6.25,85.52915767,0,14.47084233,0.5,40,0.5,1.710583153,2,120,870,4.689
60,270,48.37084145,85.52915767,0,14.47084233,1.671619117,63.72813147,1.639070353,0.256587473,0.5,175,1100,1.47325
25,0.176042236,5,74.37742114,16.76812396,8.854454898,0.176,30,0.333,0.36458218,0.1,90,980,2.662
80,40,1,85.52915767,0,14.47084233,0.25,60,2,1.5,0.5,125,1100,2.79195
90,4,5,85.52915767,0,14.47084233,0.25,30,0.5,1.282937365,0.5,125,1100,2.515
60,270,45.42261772,85.52915767,0,14.47084233,2.281361303,60.9980463,1.796126311,0.256587473,0.5,175,1100,1.10778
90,15,4,85.52915767,0,14.47084233,0,46.3,0.37254426,0.085546263,0.4,50.8,1100,2.70046
25,18.18052287,5,85.52915767,0,14.47084233,0.111111111,46.1,0.369863014,2.138228942,0.4,125,1100,0.49738
60,44.82585946,25,79.37854279,2.460646234,15.82845943,1.425,46.1,0.37,1.227587835,0.4,175,1100,1.48334
80,20,5,74.37742114,16.76812396,8.854454898,0.16460804,100,0.128906863,2.734366353,3,125,1100,4.40461
90,126.4379627,8,85.52915767,0,14.47084233,0.052631579,40,9.375,1.710583153,0.96,125,1100,1.88667
60,2,5,85.52915767,0,14.47084233,0.5,50,0.5,2,0.3,120,870,3.545
80,3,1,42.76457883,0,17.851,0.33,40,0.33,0.320734341,0.2,50,1100,5.93667
90,3.33,6.25,85.52915767,0,14.47084233,0.5,40,0.5,1.710583153,2,120,870,2.527
25,20.66890642,5,79.37854279,2.460646234,15.82845943,1.425,46.1,0.37,2.045979726,0.4,125,1100,0.37294
28,60,25,0,60.3,23.9,0.661053715,30,0.380369801,3,0.7,125,1100,0.59336
60,4,5,74.37742114,16.76812396,8.854454898,0.2,30,0.3,0.36458218,0.1,90,1000,3.63474
80,300,25,85.52915767,0,14.47084233,0.2,47,0.2385,0.1,0.1,175,1100,3.13631
80,2,5,85.52915767,0,14.47084233,0.5,50,0.5,2,0.3,125,1100,2.331
80,60,25,0,37.7,23.7,0.556458005,30,0.440651046,3,0.7,125,1100,0.7565
30,21.20177116,10.99479906,80.595,0,19.4,0.698133711,30,0.386906671,1.6119,0.6,123.4933406,1100,0.97159
100,4,5,74.37742114,16.76812396,8.854454898,0.25,30,0.5,1.367183177,0.5,105,1219.5,4.013
80,1,4.62,100,0,0,0.09375,66.67,0.410094259,0.16,0.6,125,1100,2.23334
80,25,17.64,85.52915767,0,14.47084233,0.176470588,60,0.176470588,1.881641469,0.8,175,1100,2.91431
60,95,63.5,85.52915767,0,14.47084233,0.15,40,0.2,0.855291577,0.6,175,1100,0.61938
120,40.9654027,4,51.42857143,0,24.59807287,0.176470588,100,0.176470588,0.462857143,0.5,175,1100,2.38999
80,75,50,100,0,0,0,100,0,0.5,0.25,125,1100,3.45586
90,4,5,74.37742114,16.76812396,8.854454898,0.2,30,0.3,1.367183177,0.5,90,1000,5.26936
60,270,50.71720836,85.52915767,0,14.47084233,1.593259687,66.99216329,1.396445589,0.256587473,0.5,175,1100,1.91588
80,50,25,85.73,0,14.27,0.33,60,0.25,0.05,0.8,175,1100,2.559
60,4.501619343,5,74.37742114,16.76812396,8.854454898,0.176,30,0.333,0.36458218,0.1,90,980,4.36433
60,25,4,85.52915767,0,14.47084233,0.15,40,0.2,1.282937365,0.6,175,1100,1.76292
120,3.33,6.25,85.52915767,0,14.47084233,0.5,40,0.5,1.710583153,2,70,206.185567,4.052
60,33.90006521,25,85.52915767,0,14.47084233,0.283335103,100,0.431226105,0.855291577,0.3,125,1100,1.99909
80,18.97781722,8,85.52915767,0,14.47084233,0.052631579,20,0.321849894,0.940820734,0.309063001,50,1100,3.92399
90,14.02002948,2.64287184,100,0,0,0.333017398,30,0.579518935,2.4,0.6,124.1586196,1100,2.31902
120,2,4.570086079,85.52915767,0,14.47084233,0.5,30,0.5,4.276457883,0.8,125,1107.432325,1.4673
50,5.629181396,5,74.37742114,16.76812396,8.854454898,0.176,30,0.333,0.36458218,0.1,90,980,3.85536
80,60,25,0,60.3,23.9,0.533299699,30,0.352105292,3,0.7,125,1100,0.94395
35,3,1,42.76457883,0,17.851,0.33,40,0.33,0.320734341,0.2,50,1100,0.40704
30,7.231529218,5,100,0,0,0.25,40,0.5,0.4,0.1,90,980,0.94091
80,7,4,0,75.66401816,24.33598184,0.265524335,40,0.380275882,2.269920545,0.6,125,1100,1.889
80,25.7542622,8,85.52915767,0,14.47084233,0.052631579,20,0.332386614,0.179611231,0.245296397,50,1100,3.84714
70,4,5,74.37742114,16.76812396,8.854454898,0.2,30,0.3,1.367183177,0.5,90,1000,4.59127
120,15,6.25,85.52915767,0,14.47084233,0,46.5,0.427561377,0.338609935,0.4,50,1100,2.36449
90,61.73199448,8,85.52915767,0,14.47084233,0.052631579,40,3.125,1.710583153,0.96,125,1100,1.74156
90,8.988187269,5.181006485,80.595,0,19.4,0.363278133,30,0.485953041,1.6119,0.6,122.8596877,1100,2.74991
80,300,25,85.52915767,0,14.47084233,0.05,47,0.2385,0.1,0.1,175,1100,2.93989
90,4,5,74.37742114,16.76812396,8.854454898,0.2,30,0.3,1.367183177,0.1,90,1000,5.21518
30,10,20,100,0,0,0.428571429,100,0.428571429,1.5,1,88,1100,1.05192835
80,40,3.645,57.84506658,0,9.631203586,0.33,40,0.33,2.5,0.5,175,1100,0.855
80,20,5,74.37742114,16.76812396,8.854454898,0,100,0,2.734366353,0.086,125,1100,5.03265
60,270,56.10548285,85.52915767,0,14.47084233,1.467094912,65.07818298,1.56248354,0.256587473,0.5,175,1100,1.96861
90,2,5,85.52915767,0,14.47084233,0.5,30,0.5,4.276457883,0.8,125,1100,1.17166
90,75,50,100,0,0,0,100,0,0.25,0.25,50,825,9.12412
45,10,20,100,0,0,0.667,100,0.428571429,1.5,1,88,1100,1.82808
60,12.7087867,5,85.52915767,0,14.47084233,0.25,40,0.5,0.4,0.1,90,980,3.66319
120,15,6.25,85.52915767,0,14.47084233,0.019426246,46.3,0.403187095,0.085529158,0.4,50,1100,7.683
60,40,4.5,85.52915767,0,14.47084233,3,20,10,2,0.05,50,1100,1.32004
80,40,1,85.52915767,0,14.47084233,0.25,60,2,1.5,0.5,50,1100,4.03866
50,60,25,0,75.66401816,24.33598184,1.108970229,0,0.947266894,2.269920545,0.7,125,1100,1.09833
90,15,4,85.52915767,0,14.47084233,0,46.3,0.465464548,0.023366566,0.4,50.8,1100,1.19879
80,50,25,0,75.9,24.1,0.432355306,30,0.551156983,3,0.7,125,1100,1.4726
60,40,2.89,85.52915767,0,14.47084233,1.07748381,40,1.377804373,0.27,0.5,175,1100,1.89234
80,25,17.64,85.52915767,0,14.47084233,0.392512756,58.91114485,0.280061335,2.25,0.8,175,1100,2.44525
30,10,20,20,0,0,0.428571429,100,0.428571429,0.3,1,88,1100,1.99042
80,300,25,85.52915767,0,14.47084233,0.27,47,0.2385,0.1,0.1,175,1100,3.06349
50,300,25,85.52915767,0,14.47084233,0.15,100,0.15,2.56587473,0.2,175,1100,1.55378
80,50,4,85.52915767,0,14.47084233,0.33,40,0.33,1.282937365,0.5,50,1100,3.80603
80,4,5,74.37742114,16.76812396,8.854454898,0.176470588,40,0.388888889,0.3,0.1,50,980,6.19193
80,50,25,85.73,0,14.27,0.33,60,0.25,0.013,0.8,175,1100,2.47
110,2,5,85.52915767,0,14.47084233,0.5,30,0.5,4.276457883,0.8,120,901.8686384,2.53091
80,6,1,100,0,0,0.425549591,0,1.21601819,2,0,125,1100,1.14334
80,9.1,5,85.52915767,0,14.47084233,0.052631579,46.7,0.428571429,1.000691145,0.1,25,1100,5.12237
70,3.401700251,5,74.37742114,16.76812396,8.854454898,0.176,30,0.333,0.36458218,0.1,90,980,4.9049
80,24.50004932,25,85.52915767,0,14.47084233,0.404431954,60,0.292801158,1.881641469,0.8,175,1100,2.86
40,1,5,74.37742114,16.76812396,8.854454898,0.176470588,40,0.388888889,1.5,0.1,90,980,2.80562
120,3.33,6.25,85.52915767,0,14.47084233,0.5,40,0.5,1.710583153,2,120,870,3.033
80,4,5,74.37742114,16.76812396,8.854454898,0.2,30,0.3,1.367183177,0.1,90,1000,4.94572
60,270,47.54916178,85.52915767,0,14.47084233,1.629301042,64.40594124,1.510509545,0.256587473,0.5,175,1100,1.70197
80,233.5519686,55.55647342,85.52915767,0,14.47084233,1.128877212,100,3.166666667,0.1,0.737582154,194.3525803,1100,1.81328
80,0.1,6.76,85.52915767,0,14.47084233,0.505126236,30,0.683573239,3.421166307,1.8,175,1100,1.57683
80,5,5,75,0,17.61955664,0.25,45.8,0.25,1.75,0.2,50,1100,6.62883
60,18.4106625,4,85.52915767,0,14.47084233,0.176,40,0.299,0.74838013,1,175,1100,1.43624
80,20,5,74.37742114,16.76812396,8.854454898,0.169105913,100,0.133238398,2.734366353,3,125,1100,5.146
80,9.267659843,1,51.317496,0,24.702,0.176470588,20,0.176470588,1.02634992,0.5,125,1100,1.93065
80,250,86,50,0,0,0,50,0,0.15,0.15,175,1100,2.21294
80,20,5,74.37742114,16.76812396,8.854454898,0,100,0,2.734366353,0.032,125,1100,2.4498
90,19.87949333,6.397091281,100,0,0,0.612525952,0,0.883526064,2.4,0,113.5778551,1100,2.50193
120,40.43101541,4,85.52915767,0,14.47084233,0.176470588,100,0.176470588,0.769762419,0.5,175,1100,0.82693
80,5,5,75,0,17.61955664,0.25,45.8,0.25,1.75,0.2,50,1100,4.73592
80,40,5,85.52915767,0,14.47084233,0.67,40,0.67,0.2,0.5,125,1100,2.32179
80,75,50,100,0,0,0,100,0,0.5,0.25,125,1100,5.27783
40,1.184692713,5,74.37742114,16.76812396,8.854454898,0.176,30,0.333,0.36458218,0.1,90,980,3.2036
80,50,5,64.37977662,0,16.01486981,0.33,70,0.33,0.965696649,0.57,125,1100,2.93553
80,4,5,74.37742114,16.76812396,8.854454898,0.188042222,30,0.329494887,0.34,0.1,90,1000,4.63587
80,3,1,38.48805,0,17.7521,0.142857143,40,0.333,0.288660375,0.2,50,1099.171835,9.2985835
80,11.01091304,5,59,0,16,0.4,40,1.5,0.885,0.4,125,1100,2.46572
80,60,25,0,83.55,16.45,0.529163071,30,0.527243831,2.5065,0.21,125,1100,1.093
80,10.43487187,1,77.1429,0,14.9804,0.176470588,20,0.176470588,1.542858,0.5,125,1100,2.03319
80,37.15180574,25,85.52915767,0,14.47084233,0.245108279,100,0.304832613,0.855291577,0.3,125,1100,2.46111
60,60,25,0,75.66401816,24.33598184,1.369106679,0,1.238964173,2.269920545,0.7,125,1100,1.16716
40,60,25,0,83.55,16.45,1.113637403,0,0.880169355,2.5065,0.7,125,1100,0.762
80,164.0100052,63.49363399,90.5,0,0,1.262861313,100,3.166666667,0.1,0.64527732,118.983882,1100,3.69532
110,41.50255422,4,85.52915767,0,14.47084233,0.176470588,100,0.176470588,0.769762419,0.5,175,1100,0.8257
80,9.1,5,85.52915767,0,14.47084233,0.052631579,46.7,0.428571429,1.000691145,0.1,25,1100,5.12237
80,40,3.645,34.28571429,0,15.33368323,0.394818831,40,0.253866368,0.342857143,0.5,175,1100,1.00708
80,5,5,75,0,16.34506214,0.388888889,46.7,0.6,2,0.35,50,1100,5.7015
60,25,4,85.52915767,0,14.47084233,0.15,40,0.2,1.214514039,0.6,175,1100,1.94505
80,0.5,4,74.37742114,16.76812396,8.854454898,0.3,40,0.3,2.734366353,1.2,125,1100,3.006
90,15,4,85.52915767,0,14.47084233,0.095239255,46,0.36631045,0.085529158,0.4,50,1100,2.69556
80,250,86,0,0,0,0,68,0,0.15,0.15,175,1100,1.9526
30,10,20,100,0,0,0.428571429,100,0.428571429,2.5,1,88,1100,1.0907571
30,4,5,74.37742114,16.76812396,8.854454898,0.2,30,0.3,0.36458218,0.1,90,1000,2.24232
50,3.343019649,5,74.37742114,16.76812396,8.854454898,0.176,30,0.333,0.36458218,0.1,90,980,3.75884
100,3.33,6.25,85.52915767,0,14.47084233,0.5,40,0.5,1.710583153,2,120,870,2.619
80,16.57453349,1,34.2857,0,18.454,0.176470588,20,0.176470588,0.685714,0.5,125,1100,1.09803
80,40,3.645,34.61,48.47,16.92,0.409308137,40,0.430455139,2.077,0.5,175,1100,2.64318
80,117.0671074,50,100,0,0,0.451623962,89.32674769,1.792451155,2,0.4,125,1100,3.70489
80,25,17.64,85.52915767,0,14.47084233,0.293560947,59.00710904,0.236309593,2.25,0.8,175,1100,2.79298
35,3,1,42.76457883,0,17.851,0.33,40,0.33,0.320734341,0.2,50,1100,0.27221
80,20,5,74.37742114,16.76812396,8.854454898,0.171025803,100,0.14081996,2.734366353,3,125,1100,5.704
27.5,3.33,6.25,85.52915767,0,14.47084233,0.5,40,0.5,1.710583153,2,120,870,1.596
90,15,1.21,85.52915767,0,14.47084233,0,100,0.428571429,0.085529158,0.021,50,1100,3.09574
40,60,25,0,75.66401816,24.33598184,1.176955273,0,0.869597036,2.269920545,0.7,125,1100,1.00546
30,60,25,0,75.66401816,24.33598184,1.14838301,0,0.853256179,2.269920545,0.7,125,1100,0.89438
80,2,5,85.52915767,0,14.47084233,0.5,30,0.5,4.276457883,0.8,120,924.7552906,1.70546
30,10,20,100,0,0,0.428571429,100,0.428571429,1.5,1,88,1100,1.19797
70,4,5,74.37742114,16.76812396,8.854454898,0.25,30,0.5,1.367183177,0.5,125,1100,3.749
40,60,25,0,75.66401816,24.33598184,0.939546062,0,0.915370663,2.269920545,0.7,125,1100,0.59918
60,25,4,85.52915767,0,14.47084233,0.15,40,0.2,0.641468683,0.6,175,1100,1.45665
50,9.884736133,5,100,0,0,0.25,40,0.5,0.4,0.1,90,980,1.32278
90,15,4,85.52915767,0,14.47084233,0,46.3,0.361993039,0.04663905,0.4,50.8,1100,2.27816
80,13.25486226,4,100,0,0,0.15,20,0.5,5,0.3,125,602.4096386,1.66186
80,20,5,74.37742114,16.76812396,8.854454898,0,20,0,2.734366353,0.2,125,1100,1.37892
80,2,5.14045926,85.52915767,0,14.47084233,0.5,30,0.5,4.276457883,0.8,125,1092.791857,1.99984
80,3,1,38.48805,0,17.7521,0.083333333,40,0.333,0.288660375,0.2,50,1100.320347,7.5359931
80,2,5,85.52915767,0,14.47084233,0.5,30,0.5,4.276457883,0.8,125,1100,1.35732
80,3,1,38.48805,0,17.7521,0.142857143,40,0.333,0.288660375,0.2,50,1100,4.8685071
60,68.38514115,25,80.2284846,4.689280639,15.08223476,1.425,46.1,0.37,1.273766479,0.4,175,1100,0.86783
80,40,5,85.52915767,0,14.47084233,0.67,40,0.67,1.2,0.5,125,1100,3.1789
80,75,50,100,0,0,0,100,0,0.5,0.25,125,1100,2.52998
60,4,5,74.37742114,16.76812396,8.854454898,0.2,30,0.3,1.367183177,0.1,90,1000,3.99595
80,4,5,74.37742114,16.76812396,8.854454898,0.25,30,0.5,1.367183177,0.5,125,1100,3.962
60,25,4,85.52915767,0,14.47084233,0.15,40,0.2,0.641468683,0.6,175,1100,1.5226
80,1.5,5,40,0,12.7397,0.25658492,46,0.533679577,0.4,0.184,50,1100,2.35287
50,100,5.29,100,0,0,0,100,3,0.55,0.5,175,1100,0.308503607
70,11.050558,5,85.52915767,0,14.47084233,0.25,40,0.5,0.4,0.1,90,980,4.12523
80,40,3.645,34.28571429,0,15.0234511,0.336870784,40,0.269741992,0.342857143,0.5,175,1100,0.82276
80,60,25,0,75.66401816,24.33598184,1.153445715,0,0.960814465,2.269920545,0.7,125,1100,0.89689
80,4,5,74.37742114,16.76812396,8.854454898,0.2,30,0.3,0.36458218,0.1,90,1000,4.36153
80,1.5,5,40,0,0,0.285472473,46,0.554027878,0.4,0.184,50,1100,2.29079
50,100,5.29,100,0,0,2.727272727,100,3,0.55,0.5,175,1100,1.63709928
40,2,5,74.37742114,16.76812396,8.854454898,0.25,30,0.5,1.5,0.4,120,870,2.86838
80,20,5,74.37742114,16.76812396,8.854454898,0.158284189,100,0.119913557,2.734366353,3,125,1100,3.29917
80,1.5,5,100,0,0,0.264651442,46,0.491437084,1,0.184,50,1100,2.09787
80,6,1,100,0,0,0.197204645,0,1.096392145,2,0,125,1100,0.93295
80,2,5,85.52915767,0,14.47084233,0.5,50,0.5,2,0.3,120,870,4.055
90,12.19259037,5,85.52915767,0,14.47084233,0.25,40,0.5,0.4,0.1,90,980,4.80862
64,2,25,85.52915767,0,14.47084233,0.446643758,64.29533761,0.265617659,2.138228942,0.8,175,1100,1.897
40,2,5,85.52915767,0,14.47084233,0.5,50,0.5,2,0.3,120,870,2.66
70,4,5,85.52915767,0,14.47084233,0.25,30,0.5,1.282937365,0.5,125,1100,3.326
80,12.94077278,5,59,0,16,0.4,40,0,0.885,0.4,125,1100,2.23038
90,37.15090098,4,51.42857143,0,24.59807287,0.176470588,100,0.176470588,0.462857143,0.5,175,1100,1.67937
80,20,5,74.37742114,16.76812396,8.854454898,0,100,0,2.734366353,3,125,1100,1.84557
55,4,5,44.62645268,10.06087438,5.312672939,0.176470588,40,0.388888889,0.4,0.1,50,980,4.34404
80,20,5,74.37742114,16.76812396,8.854454898,0,100,0,2.734366353,0.2,125,1100,2.80995
60,4,5,85.52915767,0,14.47084233,0.25,30,0.5,1.282937365,0.5,125,1100,2.83
80,40,1,85.52915767,0,14.47084233,0.25,0,2,1.5,0,50,1100,1.48696
40,100,5.29,100,0,0,0.909090909,100,3,0.55,0.5,175,1100,0.527991907
90,16.06912344,7,100,0,0,0.367998738,40,0.690019981,2,0.8,125,1100,2.35631
30,4,5,44.62645268,10.06087438,5.312672939,0.176470588,40,0.388888889,0.4,0.1,50,980,2.94044
25,0.54385014,5,74.37742114,16.76812396,8.854454898,0.176,30,0.333,0.36458218,0.1,90,980,2.66486
80,14.93631308,1,85.73,0,14.27,0.176470588,20,0.176470588,1.7146,0.5,125,1100,2.21574
80,112.2360681,50,21.42857143,0,33.62138663,0.589995467,65.19172916,1.40445547,0.428571429,0.4,125,1100,3.58037
100,2,5,85.52915767,0,14.47084233,0.5,30,0.5,4.276457883,0.8,125,1100,1.43632
80,22.51090936,8,85.52915767,0,14.47084233,0.052631579,20,0.326732579,0.846738661,0.279104095,50,1100,3.70779
30,1,5,74.37742114,16.76812396,8.854454898,0.176470588,40,0.388888889,1.5,0.1,90,980,2.51192
60,1800,160,100,0,0,0.4,40,0.6,1.5,0.4,125,1100,2.001
80,25,17.64,85.52915767,0,14.47084233,0.176470588,60,0.176470588,1.881641469,0.8,175,1100,2.47692
80,20,5,74.37742114,16.76812396,8.854454898,0,100,0,2.734366353,0.1,125,1100,2.13063
80,7,4,0,23.83808219,22.38354235,0.289822109,40,0.285806842,0.715142466,0.6,125,1100,1.808
60,60,25,0,75.66401816,24.33598184,1.112402805,0,0.967019948,2.269920545,0.7,125,1100,0.74571
80,40,3.645,66.86367932,0,11.13280261,0.33,40,0.33,2.5,0.5,175,1100,0.82092
25,100,5,85.52915767,0,14.47084233,0.530536545,40,2.67583947,2.56587473,0.4,125,1100,0.01055
80,1,5,74.37742114,16.76812396,8.854454898,0.176470588,40,0.388888889,0.4,0.1,90,980,4.16943
90,4.41005401,5,74.37742114,16.76812396,8.854454898,0.176,30,0.333,0.36458218,0.1,90,980,5.53393
80,25,17.64,85.52915767,0,14.47084233,0.203403821,60.94810444,0.153760734,2.25,0.8,175,1100,2.10986
