,Operating Temperature (℃),Flow Rate (mL min-1),Active Area (cm2),Ir wt. %,Ru wt.%,O wt. %,I/C in Anode,Pt wt. %,I/C in Cathode,Anode Precious Metal Loading (mg cm-2 Ir/Ru/Pt/Pd),Cathode Precious Metal Loading (mg cm-2 Pt/Pd),Membrane Thickness (μm),EW,Current at 1.9 V
409,60.0,4.501619343,5.0,74.37742114,16.76812396,8.854454898,0.176,30.0,0.333,0.36458218,0.1,90.0,980.0,3.39128
385,120.0,2.0,5.0,85.52915767,0.0,14.47084233,0.5,30.0,0.5,4.276457883,0.8,120.0,960.7222459,0.48704
92,25.0,63.0,4.0,74.37742114,16.76812396,8.854454898,0.73255738,10.0,0.8805082,2.319046959,0.352136828,125.0,1100.0,0.03184875
83,80.0,40.0,5.0,85.52915767,0.0,14.47084233,0.67,40.0,0.67,0.2,0.5,125.0,1100.0,1.20698
91,25.0,63.0,4.0,50.0,26.30208333,8.333333333,0.72519596,10.0,0.863294513,2.062026291,0.377212257,125.0,1100.0,0.04419592
244,80.0,6.0,1.0,100.0,0.0,0.0,0.319707965,0.0,1.216631476,2.0,0.0,125.0,1100.0,0.80212
311,90.0,3.33,6.25,85.52915767,0.0,14.47084233,0.5,40.0,0.5,1.710583153,2.0,120.0,870.0,3.384
486,80.0,19.87895898,5.0,59.0,0.0,16.0,0.6,40.0,1.5,0.59,0.4,125.0,1100.0,1.96937
256,80.0,50.0,25.0,85.73,0.0,14.27,0.33,60.0,0.25,0.05,0.8,175.0,1100.0,2.044
489,80.0,34.05213489,4.0,100.0,0.0,0.0,0.3333,70.0,0.3333,0.873,0.7,50.0,1100.0,2.79173
50,80.0,50.0,4.0,85.52915767,0.0,14.47084233,0.33,40.0,0.33,1.282937365,0.5,50.0,1100.0,3.12326
365,40.0,60.0,25.0,0.0,75.66401816,24.33598184,1.176955273,0.0,0.869597036,2.269920545,0.7,125.0,1100.0,0.72466
338,80.0,5.0,5.0,75.0,0.0,17.5,0.13,45.8,0.25,1.62,0.3,50.0,1100.0,5.34559
276,60.0,50.0,25.0,85.52915767,0.0,14.47084233,0.311112088,100.0,0.146421,2.5,0.8,175.0,1100.0,1.633
287,40.0,4.0,5.0,74.37742114,16.76812396,8.854454898,0.25,30.0,0.5,1.367183177,0.5,125.0,1100.0,1.9
408,50.0,5.629181396,5.0,74.37742114,16.76812396,8.854454898,0.176,30.0,0.333,0.36458218,0.1,90.0,980.0,2.866
12,80.0,1.5,5.0,40.0,0.0,0.0,0.281176263,46.0,0.546633737,0.4,0.184,50.0,1100.0,1.37234
66,30.0,10.0,20.0,100.0,0.0,0.0,0.428571429,100.0,0.428571429,1.5,1.0,50.0,1100.0,1.07446
78,58.0,2.0,25.0,85.52915767,0.0,14.47084233,0.436633416,63.88676437,0.184765936,2.138228942,0.8,175.0,1100.0,1.47386
528,60.0,12.7087867,5.0,85.52915767,0.0,14.47084233,0.25,40.0,0.5,0.4,0.1,90.0,980.0,2.79124
303,50.0,2.0,5.0,85.52915767,0.0,14.47084233,0.5,50.0,0.5,2.0,0.3,120.0,870.0,2.295
516,80.0,22.51090936,8.0,85.52915767,0.0,14.47084233,0.052631579,20.0,0.326732579,0.846738661,0.279104095,50.0,1100.0,3.11254
404,120.0,2.0,5.214930901,85.52915767,0.0,14.47084233,0.5,30.0,0.5,4.276457883,0.8,125.0,1104.744499,0.86201
274,120.0,15.0,6.25,85.52915767,0.0,14.47084233,0.045069975,46.3,0.417307997,0.085529158,0.4,50.0,1100.0,1.899
369,80.0,60.0,25.0,0.0,75.66401816,24.33598184,1.370227109,0.0,1.32614018,2.269920545,0.7,125.0,1100.0,1.01711
207,80.0,5.0,5.0,75.0,0.0,16.78919732,0.131221719,46.7,0.6,2.0,0.35,50.0,1100.0,4.36801
370,50.0,300.0,25.0,85.52915767,0.0,14.47084233,0.15,100.0,0.15,2.56587473,0.2,175.0,1100.0,1.27279
459,70.0,4.0,5.0,74.37742114,16.76812396,8.854454898,0.2,30.0,0.3,0.36458218,0.1,90.0,1000.0,3.12369
447,90.0,4.0,5.0,74.37742114,16.76812396,8.854454898,0.2,30.0,0.3,1.367183177,0.5,90.0,1000.0,4.15281
576,80.0,112.2360681,50.0,21.42857143,0.0,33.62138663,0.589995467,65.19172916,1.40445547,0.428571429,0.4,125.0,1100.0,2.80409
186,80.0,4.0,5.0,44.62645268,10.06087438,5.312672939,0.176470588,40.0,0.388888889,0.4,0.1,50.0,980.0,5.06239
196,80.0,40.0,1.0,85.52915767,0.0,14.47084233,0.25,60.0,2.0,1.5,0.5,125.0,1100.0,2.04614
266,50.0,60.0,25.0,0.0,83.55,16.45,1.093165594,0.0,0.943999767,2.5065,0.7,125.0,1100.0,0.518
550,80.0,300.0,25.0,85.52915767,0.0,14.47084233,0.2,47.0,0.2385,0.1,0.1,175.0,1100.0,2.5477
551,80.0,300.0,25.0,85.52915767,0.0,14.47084233,0.27,47.0,0.2385,0.1,0.1,175.0,1100.0,2.48557
224,70.0,60.0,25.0,0.0,60.3,23.9,0.598379712,30.0,0.455016189,3.0,0.7,125.0,1100.0,0.73968
181,40.0,60.0,25.0,0.0,75.66401816,24.33598184,0.939546062,0.0,0.915370663,2.269920545,0.7,125.0,1100.0,0.3637
103,55.0,131.8694592,120.0,100.0,0.0,0.0,0.492142612,100.0,3.362664391,1.0,0.9,125.0,1100.0,1.61694
195,80.0,40.0,1.0,85.52915767,0.0,14.47084233,0.25,0.0,2.0,1.5,0.0,50.0,1100.0,0.89607
331,100.0,4.0,5.0,74.37742114,16.76812396,8.854454898,0.25,30.0,0.5,1.367183177,0.5,105.0,1031.0,2.594
424,90.0,15.0,4.0,85.52915767,0.0,14.47084233,0.0,46.3,0.438682321,0.462011404,0.4,50.8,1100.0,1.22558
379,110.0,2.0,5.0,85.52915767,0.0,14.47084233,0.5,30.0,0.5,4.276457883,0.8,125.0,1100.0,0.69944
119,40.0,50.0,4.0,85.52915767,0.0,14.47084233,0.052631579,20.0,0.428571429,0.38,0.2,50.0,1100.0,2.38232
278,80.0,40.0,3.645,59.70877787,0.0,9.941511515,0.33,40.0,0.33,2.5,0.5,175.0,1100.0,0.603
562,25.0,18.37904887,5.0,74.63556851,9.815354713,15.54907677,0.111111111,46.1,0.369863014,2.111273081,0.4,125.0,1100.0,0.48059
558,80.0,5.0,5.0,75.0,0.0,17.61955664,0.25,45.8,0.25,1.75,0.2,50.0,1100.0,5.49422
240,80.0,2.0,5.0,74.37742114,16.76812396,8.854454898,0.25,30.0,0.5,1.5,0.4,120.0,870.0,3.60471
350,60.0,55.44484811,25.0,79.37854279,2.460646234,15.82845943,1.425,46.1,0.37,1.227587835,0.4,175.0,1100.0,1.07373
465,60.0,18.4106625,4.0,85.52915767,0.0,14.47084233,0.176,40.0,0.299,0.74838013,1.0,175.0,1100.0,1.15227
71,80.0,10.0,20.0,100.0,0.0,0.0,0.667,100.0,0.428571429,1.5,1.0,88.0,1100.0,2.11665
96,90.0,61.73199448,8.0,85.52915767,0.0,14.47084233,0.052631579,40.0,3.125,1.710583153,0.96,125.0,1100.0,1.4505
371,50.0,300.0,25.0,85.52915767,0.0,14.47084233,0.15,100.0,0.15,0.085529158,0.0,175.0,1100.0,1.12566
367,60.0,60.0,25.0,0.0,75.66401816,24.33598184,1.369106679,0.0,1.238964173,2.269920545,0.7,125.0,1100.0,0.85832
325,110.0,3.33,6.25,85.52915767,0.0,14.47084233,0.5,40.0,0.5,1.710583153,2.0,70.0,206.185567,2.867
401,80.0,5.411068459,4.0,100.0,0.0,0.0,0.15,20.0,0.5,5.0,0.3,125.0,1100.0,1.93391
477,80.0,40.0,3.645,85.71428571,0.0,14.28571429,0.583695267,40.0,0.477445702,0.857142857,0.5,175.0,1100.0,0.95177
254,80.0,50.0,25.0,85.73,0.0,14.27,0.33,60.0,0.25,0.013,0.8,175.0,1100.0,1.956
194,80.0,40.0,1.0,85.52915767,0.0,14.47084233,0.25,0.0,2.0,1.5,0.0,125.0,1100.0,0.29757
219,80.0,60.0,25.0,0.0,14.7,23.4,0.566178695,30.0,0.438359376,3.0,0.7,125.0,1100.0,0.29925
233,55.0,40.11437804,8.0,68.33,15.4,16.27,0.416568174,40.0,0.255521318,2.5119,0.6,175.0,1100.0,0.77929
536,60.0,270.0,45.3593416,85.52915767,0.0,14.47084233,2.253014729,57.95189289,1.693547103,0.256587473,0.5,175.0,1100.0,0.84656
3,80.0,40.0,4.0,85.52915767,0.0,14.47084233,0.1,60.0,0.28,1.282937365,0.3,115.0,360.0,2.32813
295,50.0,4.0,5.0,85.52915767,0.0,14.47084233,0.25,30.0,0.5,1.282937365,0.5,125.0,1100.0,1.905
273,120.0,15.0,6.25,85.52915767,0.0,14.47084233,0.019426246,46.3,0.403187095,0.085529158,0.4,50.0,1100.0,6.186
498,90.0,15.0,1.21,85.52915767,0.0,14.47084233,0.0,46.5,0.428571429,0.085529158,0.02,50.0,1100.0,1.40565
487,80.0,18.36534503,5.0,59.0,0.0,16.0,1.25,40.0,1.5,0.5,0.4,125.0,1100.0,1.79474
68,45.0,10.0,20.0,100.0,0.0,0.0,0.667,100.0,0.428571429,1.5,1.0,88.0,1100.0,1.40734
73,30.0,10.0,20.0,100.0,0.0,0.0,0.428571429,100.0,0.428571429,1.5,1.0,88.0,1100.0,0.94687
44,80.0,170.4751056,37.70187597,85.52915767,0.0,14.47084233,5.0,20.0,2.305975152,0.085529158,0.708260779,175.0,1100.0,0.936676
33,50.0,100.0,5.29,100.0,0.0,0.0,0.0,100.0,3.0,0.55,0.5,175.0,1100.0,0.251356167
230,80.0,189.3464015,50.0,85.52915767,0.0,14.47084233,0.686277253,100.0,4.751331359,4.0,4.0,254.0,1100.0,0.80758
159,80.0,20.0,5.0,74.37742114,16.76812396,8.854454898,0.0,100.0,0.0,2.734366353,0.086,125.0,1100.0,3.98665
97,90.0,126.4379627,8.0,85.52915767,0.0,14.47084233,0.052631579,40.0,9.375,1.710583153,0.96,125.0,1100.0,1.55233
546,60.0,270.0,48.37084145,85.52915767,0.0,14.47084233,1.671619117,63.72813147,1.639070353,0.256587473,0.5,175.0,1100.0,1.14833
55,80.0,50.0,4.0,85.52915767,0.0,14.47084233,0.33,40.0,0.33,3.421166307,0.2,50.0,1100.0,3.57336
565,120.0,40.43101541,4.0,85.52915767,0.0,14.47084233,0.176470588,100.0,0.176470588,0.769762419,0.5,175.0,1100.0,0.67557
298,80.0,4.0,5.0,85.52915767,0.0,14.47084233,0.25,30.0,0.5,1.282937365,0.5,125.0,1100.0,2.8
263,80.0,24.50004932,25.0,85.52915767,0.0,14.47084233,0.404431954,60.0,0.292801158,1.881641469,0.8,175.0,1100.0,2.272
127,80.0,25.0,17.64,85.52915767,0.0,14.47084233,0.176470588,60.0,0.176470588,1.881641469,0.8,175.0,1100.0,1.94888
59,30.0,10.0,20.0,100.0,0.0,0.0,0.428571429,100.0,0.428571429,1.5,1.0,88.0,1100.0,0.79851965
272,120.0,15.0,6.25,85.52915767,0.0,14.47084233,0.019426246,46.3,0.403187095,0.085529158,0.4,50.0,1100.0,5.769
312,100.0,3.33,6.25,85.52915767,0.0,14.47084233,0.5,40.0,0.5,1.710583153,2.0,120.0,870.0,3.94
120,60.0,50.0,4.0,85.52915767,0.0,14.47084233,0.052631579,20.0,0.428571429,0.38,0.2,50.0,1100.0,3.76157
319,90.0,3.33,6.25,85.52915767,0.0,14.47084233,0.5,40.0,0.5,1.710583153,2.0,120.0,870.0,2.004
407,40.0,1.184692713,5.0,74.37742114,16.76812396,8.854454898,0.176,30.0,0.333,0.36458218,0.1,90.0,980.0,2.38559
4,80.0,75.0,50.0,100.0,0.0,0.0,0.0,100.0,0.0,0.5,0.25,125.0,1100.0,2.61936
260,80.0,7.0,4.0,0.0,23.83808219,22.38354235,0.289822109,40.0,0.285806842,0.715142466,0.6,125.0,1100.0,1.488
100,90.0,19.6163843,8.0,85.52915767,0.0,14.47084233,0.052631579,20.0,0.25,1.710583153,0.4,125.0,1100.0,1.63567
37,60.0,100.0,5.29,100.0,0.0,0.0,0.909090909,100.0,3.0,0.55,0.5,175.0,1100.0,0.566703917
72,30.0,10.0,20.0,20.0,0.0,0.0,0.428571429,100.0,0.428571429,0.3,1.0,88.0,1100.0,1.52048
316,40.0,3.33,6.25,85.52915767,0.0,14.47084233,0.5,40.0,0.5,1.710583153,2.0,120.0,870.0,0.996
488,80.0,32.01683061,4.0,85.52915767,0.0,14.47084233,0.3333,70.0,0.3333,0.063377106,0.7,50.0,1100.0,3.34958
335,80.0,20.0,5.0,74.37742114,16.76812396,8.854454898,0.171025803,100.0,0.14081996,2.734366353,3.0,125.0,1100.0,4.706
129,80.0,3.0,1.0,38.48805,0.0,17.7521,0.142857143,40.0,0.333,0.288660375,0.2,50.0,1099.171835,7.4764605
482,80.0,40.0,3.645,51.42857143,0.0,15.97069593,0.283960741,40.0,0.324856585,0.514285714,0.5,175.0,1100.0,1.02259
154,80.0,3.0,1.0,42.76457883,0.0,17.851,0.33,40.0,0.33,0.320734341,0.2,50.0,1100.0,4.78042
228,80.0,3.0,1.0,38.48805,0.0,17.7521,0.160804695,40.0,0.317185376,0.288660375,0.2,50.0,1100.0,5.81058
395,120.0,2.0,5.0,85.52915767,0.0,14.47084233,0.5,30.0,0.5,4.276457883,0.8,120.0,901.0009666,2.11383
575,80.0,109.4797653,50.0,32.57142857,0.0,30.26987009,0.709577908,61.15418245,1.292839834,0.651428571,0.4,125.0,1100.0,3.00258
344,25.0,20.66890642,5.0,79.37854279,2.460646234,15.82845943,1.425,46.1,0.37,2.045979726,0.4,125.0,1100.0,0.26711
490,80.0,20.0,5.0,74.37742114,16.76812396,8.854454898,0.158284189,100.0,0.119913557,2.734366353,3.0,125.0,1100.0,2.69677
556,80.0,5.0,5.0,75.0,0.0,17.61955664,0.25,45.8,0.25,1.75,0.2,50.0,1100.0,4.68
346,60.0,51.01669281,25.0,80.2284846,4.689280639,15.08223476,1.425,46.1,0.37,1.273766479,0.4,125.0,1100.0,0.94583
437,120.0,15.0,6.25,85.52915767,0.0,14.47084233,0.0,46.5,0.550215476,0.086718013,0.4,50.0,1100.0,0.62314
95,90.0,122.8661049,8.0,85.52915767,0.0,14.47084233,0.052631579,40.0,16.66666667,1.710583153,0.96,125.0,1100.0,1.5023
125,80.0,25.0,17.64,85.52915767,0.0,14.47084233,0.176470588,60.0,0.176470588,1.881641469,0.8,175.0,1100.0,2.15062
223,60.0,60.0,25.0,0.0,60.3,23.9,0.651617251,30.0,0.352986376,3.0,0.7,125.0,1100.0,0.65083
366,50.0,60.0,25.0,0.0,75.66401816,24.33598184,1.108970229,0.0,0.947266894,2.269920545,0.7,125.0,1100.0,0.77711
235,30.0,2.0,5.0,74.37742114,16.76812396,8.854454898,0.25,30.0,0.5,1.5,0.4,120.0,870.0,1.90057
22,100.0,75.0,50.0,100.0,0.0,0.0,0.0,100.0,0.0,0.25,0.25,50.0,825.0,0.51607
53,80.0,50.0,4.0,85.52915767,0.0,14.47084233,0.33,40.0,0.33,3.421166307,0.5,50.0,1100.0,3.38828
523,80.0,2.106228127,5.0,100.0,0.0,0.0,0.25,40.0,0.5,0.4,0.1,90.0,980.0,1.4938
313,110.0,3.33,6.25,85.52915767,0.0,14.47084233,0.5,40.0,0.5,1.710583153,2.0,120.0,870.0,3.791
413,25.0,0.54385014,5.0,74.37742114,16.76812396,8.854454898,0.176,30.0,0.333,0.36458218,0.1,90.0,980.0,2.06901
153,80.0,3.0,1.0,42.76457883,0.0,17.851,0.33,40.0,0.33,0.320734341,0.2,50.0,1100.0,3.91476
11,80.0,1.5,5.0,100.0,0.0,0.0,0.374007744,46.0,0.624647855,1.0,0.184,50.0,1100.0,1.04727
308,40.0,3.33,6.25,85.52915767,0.0,14.47084233,0.5,40.0,0.5,1.710583153,2.0,120.0,870.0,1.428
438,120.0,15.0,6.25,85.52915767,0.0,14.47084233,0.0,46.5,0.427561377,0.338609935,0.4,50.0,1100.0,2.13068
320,100.0,3.33,6.25,85.52915767,0.0,14.47084233,0.5,40.0,0.5,1.710583153,2.0,120.0,870.0,2.05
251,80.0,3.0,1.0,36.5,0.0,18.25,0.225238741,40.0,0.531730458,0.365,0.2,50.0,1100.0,2.75716
166,60.0,4.0,11.34578027,25.6587473,0.0,32.341,0.5,30.0,0.5,0.256587473,1.0,125.0,1100.0,0.32181
108,30.0,1.0,5.0,74.37742114,16.76812396,8.854454898,0.176470588,40.0,0.388888889,1.5,0.1,90.0,980.0,1.93587
35,40.0,100.0,5.29,100.0,0.0,0.0,0.909090909,100.0,3.0,0.55,0.5,175.0,1100.0,0.427811752
448,30.0,4.0,5.0,74.37742114,16.76812396,8.854454898,0.2,30.0,0.3,1.367183177,0.1,90.0,1000.0,1.99113
517,80.0,28.71932958,8.0,17.14285714,0.0,13.09596686,0.052631579,20.0,0.358124056,0.1,0.367570086,175.0,1100.0,1.62452
87,80.0,25.0,17.64,85.52915767,0.0,14.47084233,0.348193311,60.56907602,0.26292885,2.25,0.8,175.0,1100.0,2.09818
158,80.0,20.0,5.0,74.37742114,16.76812396,8.854454898,0.0,100.0,0.0,2.734366353,0.051,125.0,1100.0,2.29442
467,80.0,3.33,6.25,84.5,0.0,15.5,0.24,45.01864041,0.428571429,1.69,2.0,125.0,1100.0,2.36987
334,80.0,20.0,5.0,74.37742114,16.76812396,8.854454898,0.161499397,100.0,0.12074659,2.734366353,3.0,125.0,1100.0,4.257
294,40.0,4.0,5.0,85.52915767,0.0,14.47084233,0.25,30.0,0.5,1.282937365,0.5,125.0,1100.0,1.626
356,80.0,3.333333333,25.0,85.52915767,0.0,14.47084233,0.11,46.0,0.35,0.342116631,0.25,125.0,1100.0,1.73191
496,80.0,150.0,7.0,34.21166307,0.0,5.788336933,1.506886673,100.0,6.718206329,0.547386609,4.0,125.0,1100.0,0.95291
286,30.0,4.0,5.0,74.37742114,16.76812396,8.854454898,0.25,30.0,0.5,1.367183177,0.5,125.0,1100.0,1.581
234,90.0,15.0,4.0,85.52915767,0.0,14.47084233,0.302569627,0.0,1.139246151,0.085529158,0.0,50.0,1100.0,0.50218
474,80.0,40.0,3.645,0.0,75.66401816,24.33598184,0.419722608,40.0,0.450187228,1.891600454,0.5,175.0,1100.0,1.70732
427,60.0,25.0,4.0,85.52915767,0.0,14.47084233,0.15,40.0,0.2,0.641468683,0.6,175.0,1100.0,0.755
415,50.0,3.343019649,5.0,74.37742114,16.76812396,8.854454898,0.176,30.0,0.333,0.36458218,0.1,90.0,980.0,3.0011
577,80.0,117.0671074,50.0,100.0,0.0,0.0,0.451623962,89.32674769,1.792451155,2.0,0.4,125.0,1100.0,2.93434
250,80.0,3.0,1.0,64.11,0.0,16.02,0.20596053,40.0,0.340993866,0.6411,0.2,50.0,1100.0,4.17703
455,30.0,4.0,5.0,74.37742114,16.76812396,8.854454898,0.2,30.0,0.3,0.36458218,0.1,90.0,1000.0,1.62319
405,120.0,2.0,4.570086079,85.52915767,0.0,14.47084233,0.5,30.0,0.5,4.276457883,0.8,125.0,1107.432325,1.26638
545,60.0,270.0,44.4178097,85.52915767,0.0,14.47084233,1.589274889,63.70239129,1.46078364,0.256587473,0.5,175.0,1100.0,1.1182
470,120.0,3.33,6.25,84.5,0.0,15.5,0.24,43.93130182,0.428571429,1.69,2.0,125.0,1100.0,3.31076
13,80.0,1.5,5.0,40.0,0.0,0.0,0.285472473,46.0,0.554027878,0.4,0.184,50.0,1100.0,1.85485
417,70.0,3.070466907,5.0,74.37742114,16.76812396,8.854454898,0.176,30.0,0.333,0.36458218,0.1,90.0,980.0,3.79333
227,80.0,3.0,1.0,85.73,0.0,14.27,0.151776541,40.0,0.362015213,0.642975,0.2,50.0,1100.0,4.21112
197,80.0,40.0,1.0,85.52915767,0.0,14.47084233,0.25,60.0,2.0,1.5,0.5,50.0,1100.0,3.11285
211,80.0,4.0,5.0,74.37742114,16.76812396,8.854454898,0.181193633,30.0,0.32487551,0.34,0.1,90.0,1000.0,3.34035
67,30.0,10.0,20.0,100.0,0.0,0.0,0.428571429,100.0,0.428571429,1.5,1.0,125.0,1100.0,0.5177
149,80.0,219.4653072,82.68568154,94.5,0.0,0.0,1.298759141,100.0,3.166666667,0.1,0.703173093,158.3697046,1100.0,1.91247
348,60.0,49.42071427,25.0,80.2284846,4.689280639,15.08223476,1.425,46.1,0.37,1.273766479,0.4,125.0,1100.0,1.10262
17,80.0,75.0,50.0,100.0,0.0,0.0,0.0,100.0,0.0,0.25,0.25,50.0,825.0,6.10651
84,80.0,25.0,17.64,85.52915767,0.0,14.47084233,0.336689866,57.25484701,0.230980813,2.25,0.8,175.0,1100.0,2.63079
384,110.0,2.0,5.0,85.52915767,0.0,14.47084233,0.5,30.0,0.5,4.276457883,0.8,120.0,946.4664688,1.12672
279,80.0,40.0,3.645,57.84506658,0.0,9.631203586,0.33,40.0,0.33,2.5,0.5,175.0,1100.0,0.69
509,80.0,50.0,5.0,52.87553066,0.0,16.94728547,0.33,70.0,0.33,0.79313296,0.57,125.0,1100.0,2.46581
497,80.0,150.0,7.0,74.37742114,16.76812396,8.854454898,0.824689587,100.0,7.342904561,1.458328722,4.0,125.0,1100.0,0.98788
390,120.0,2.0,5.0,85.52915767,0.0,14.47084233,0.5,30.0,0.5,4.276457883,0.8,125.0,1100.0,0.74631
141,50.0,32.8446522,1.0,85.73,0.0,14.27,0.176470588,20.0,0.176470588,1.7146,0.5,125.0,1100.0,1.23902
332,100.0,4.0,5.0,74.37742114,16.76812396,8.854454898,0.25,30.0,0.5,1.367183177,0.5,105.0,1219.5,3.268
243,80.0,6.0,1.0,100.0,0.0,0.0,0.197204645,0.0,1.096392145,2.0,0.0,125.0,1100.0,0.64833
162,80.0,7.813710338,1.0,77.1429,0.0,14.9804,0.176470588,20.0,0.176470588,1.542858,0.5,125.0,1100.0,1.81359
134,80.0,200.8792996,75.0,100.0,0.0,0.0,0.822986315,100.0,2.359664076,0.2,0.4,175.0,1100.0,0.75116
225,60.0,40.0,4.5,85.52915767,0.0,14.47084233,3.0,1.4,10.0,2.0,0.025,50.0,1100.0,1.32391
391,80.0,2.0,5.0,85.52915767,0.0,14.47084233,0.5,30.0,0.5,4.276457883,0.8,120.0,911.8337149,1.68927
529,70.0,11.050558,5.0,85.52915767,0.0,14.47084233,0.25,40.0,0.5,0.4,0.1,90.0,980.0,3.1973
342,80.0,41.16415899,14.76826673,85.52915767,0.0,14.47084233,0.18,40.0,0.435176247,0.940820734,0.5,175.0,1100.0,0.29767
314,120.0,3.33,6.25,85.52915767,0.0,14.47084233,0.5,40.0,0.5,1.710583153,2.0,120.0,870.0,3.758
514,80.0,11.90362243,8.0,17.14285714,0.0,13.09596686,0.052631579,20.0,0.307677958,0.019885714,0.307702064,50.0,1100.0,3.64897
36,50.0,100.0,5.29,100.0,0.0,0.0,0.909090909,100.0,3.0,0.55,0.5,175.0,1100.0,0.474627227
79,62.0,2.0,25.0,85.52915767,0.0,14.47084233,0.459179103,65.6723106,0.279702178,2.138228942,0.8,175.0,1100.0,1.52675
24,100.0,75.0,50.0,100.0,0.0,0.0,0.0,100.0,0.0,0.25,0.25,50.0,825.0,6.41667
65,30.0,10.0,20.0,100.0,0.0,0.0,0.667,100.0,0.428571429,1.5,1.0,88.0,1100.0,0.5424
114,80.0,50.0,4.0,85.52915767,0.0,14.47084233,0.052631579,20.0,0.428571429,0.38,0.2,50.0,1100.0,5.01997
289,60.0,4.0,5.0,74.37742114,16.76812396,8.854454898,0.25,30.0,0.5,1.367183177,0.5,125.0,1100.0,2.585
222,50.0,60.0,25.0,0.0,60.3,23.9,0.623635245,30.0,0.363860848,3.0,0.7,125.0,1100.0,0.51144
548,80.0,300.0,25.0,85.52915767,0.0,14.47084233,0.05,47.0,0.2385,0.1,0.1,175.0,1100.0,2.32188
258,22.0,0.166666667,5.0,74.37742114,16.76812396,8.854454898,0.25,100.0,0.25,2.734366353,0.5,125.0,1100.0,0.466
177,80.0,60.0,25.0,0.0,75.66401816,24.33598184,1.153445715,0.0,0.960814465,2.269920545,0.7,125.0,1100.0,0.60701
430,60.0,45.0,22.7,85.52915767,0.0,14.47084233,0.15,40.0,0.2,0.855291577,0.6,175.0,1100.0,0.90621
457,50.0,4.0,5.0,74.37742114,16.76812396,8.854454898,0.2,30.0,0.3,0.36458218,0.1,90.0,1000.0,2.32526
231,80.0,192.1973963,50.0,85.52915767,0.0,14.47084233,0.806166095,100.0,4.847154112,4.0,4.0,254.0,1100.0,0.85492
500,80.0,40.84253457,25.0,74.37742114,16.76812396,8.854454898,0.43,40.0,0.33,0.911455451,0.4,50.0,1100.0,1.79171
309,60.0,3.33,6.25,85.52915767,0.0,14.47084233,0.5,40.0,0.5,1.710583153,2.0,120.0,870.0,2.099
302,40.0,2.0,5.0,85.52915767,0.0,14.47084233,0.5,50.0,0.5,2.0,0.3,120.0,870.0,2.08
300,80.0,2.0,5.0,85.52915767,0.0,14.47084233,0.5,50.0,0.5,2.0,0.3,120.0,870.0,3.234
104,80.0,1.0,5.0,74.37742114,16.76812396,8.854454898,0.176470588,40.0,0.388888889,0.4,0.1,90.0,980.0,3.47889
179,60.0,60.0,25.0,0.0,75.66401816,24.33598184,1.112402805,0.0,0.967019948,2.269920545,0.7,125.0,1100.0,0.45424
45,80.0,77.42553304,19.99378136,85.52915767,0.0,14.47084233,2.5,20.0,1.384231215,0.171058315,0.738396482,175.0,1100.0,1.03068909
191,60.0,4.0,5.0,44.62645268,10.06087438,5.312672939,0.176470588,40.0,0.388888889,0.4,0.1,50.0,980.0,3.44212
135,70.0,33.9902841,25.0,85.52915767,0.0,14.47084233,0.302222534,100.0,0.284803411,0.855291577,0.3,125.0,1100.0,1.78650114
202,80.0,5.0,5.0,75.0,0.0,16.54944357,0.040582726,46.7,0.6,2.0,0.35,50.0,1100.0,5.50795
400,80.0,13.25486226,4.0,100.0,0.0,0.0,0.15,20.0,0.5,5.0,0.3,125.0,602.4096386,1.343
452,70.0,4.0,5.0,74.37742114,16.76812396,8.854454898,0.2,30.0,0.3,1.367183177,0.1,90.0,1000.0,3.49664
156,35.0,3.0,1.0,42.76457883,0.0,17.851,0.33,40.0,0.33,0.320734341,0.2,50.0,1100.0,0.21332
377,90.0,2.0,5.0,85.52915767,0.0,14.47084233,0.5,30.0,0.5,4.276457883,0.8,125.0,1100.0,1.07203
441,30.0,4.0,5.0,74.37742114,16.76812396,8.854454898,0.2,30.0,0.3,1.367183177,0.5,90.0,1000.0,2.01434
511,80.0,11.42418465,8.0,17.14285714,0.0,13.09596686,0.052631579,20.0,0.331245219,0.018857143,0.299019417,50.0,1100.0,3.27385
40,60.0,100.0,5.29,100.0,0.0,0.0,2.727272727,100.0,3.0,0.55,0.5,175.0,1100.0,1.506430408
535,60.0,270.0,45.42261772,85.52915767,0.0,14.47084233,2.281361303,60.9980463,1.796126311,0.256587473,0.5,175.0,1100.0,0.88862
155,35.0,3.0,1.0,42.76457883,0.0,17.851,0.33,40.0,0.33,0.320734341,0.2,50.0,1100.0,0.30838
392,90.0,2.0,5.0,85.52915767,0.0,14.47084233,0.5,30.0,0.5,4.276457883,0.8,120.0,906.4787134,1.84076
484,80.0,11.01091304,5.0,59.0,0.0,16.0,0.4,40.0,1.5,0.885,0.4,125.0,1100.0,2.02655
485,80.0,12.94077278,5.0,59.0,0.0,16.0,0.4,40.0,0.0,0.885,0.4,125.0,1100.0,1.80451
69,60.0,10.0,20.0,100.0,0.0,0.0,0.667,100.0,0.428571429,1.5,1.0,88.0,1100.0,1.70993
568,110.0,34.15885438,4.0,51.42857143,0.0,24.59807287,0.176470588,100.0,0.176470588,0.462857143,0.5,175.0,1100.0,1.61786
259,80.0,7.0,4.0,0.0,75.66401816,24.33598184,0.265524335,40.0,0.380275882,2.269920545,0.6,125.0,1100.0,1.545
168,80.0,4.0,11.24049197,25.6587473,0.0,32.341,0.5,30.0,0.5,0.256587473,1.0,125.0,1100.0,0.44741
247,80.0,500.0,29.16,85.52915767,0.0,14.47084233,1.164343559,100.0,5.153302107,2.03,1.05,79.5,869.5652174,0.78516
567,90.0,37.15090098,4.0,51.42857143,0.0,24.59807287,0.176470588,100.0,0.176470588,0.462857143,0.5,175.0,1100.0,1.33809
249,80.0,3.0,1.0,85.73,0.0,14.27,0.180901252,40.0,0.395001104,0.8573,0.2,50.0,1100.0,3.30962
70,75.0,10.0,20.0,100.0,0.0,0.0,0.667,100.0,0.428571429,1.5,1.0,88.0,1100.0,2.01975
372,50.0,300.0,25.0,85.52915767,0.0,14.47084233,0.15,100.0,0.15,2.56587473,0.2,175.0,1100.0,1.39484
569,120.0,40.9654027,4.0,51.42857143,0.0,24.59807287,0.176470588,100.0,0.176470588,0.462857143,0.5,175.0,1100.0,1.97017
515,80.0,18.97781722,8.0,85.52915767,0.0,14.47084233,0.052631579,20.0,0.321849894,0.940820734,0.309063001,50.0,1100.0,3.07986
559,80.0,5.0,5.0,75.0,0.0,17.61955664,0.25,45.8,0.25,1.75,0.2,50.0,1100.0,5.80977
435,60.0,95.0,63.5,85.52915767,0.0,14.47084233,0.15,40.0,0.2,0.829632829,0.6,175.0,1100.0,0.86444
90,80.0,25.0,17.64,85.52915767,0.0,14.47084233,0.203403821,60.94810444,0.153760734,2.25,0.8,175.0,1100.0,1.78225
445,70.0,4.0,5.0,74.37742114,16.76812396,8.854454898,0.2,30.0,0.3,1.367183177,0.5,90.0,1000.0,3.57196
110,60.0,1.0,5.0,74.37742114,16.76812396,8.854454898,0.176470588,40.0,0.388888889,1.5,0.1,90.0,980.0,2.83387
431,60.0,45.0,22.7,85.52915767,0.0,14.47084233,0.15,40.0,0.2,0.855291577,0.6,175.0,1100.0,1.26289
505,80.0,20.0,5.0,74.37742114,16.76812396,8.854454898,0.0,100.0,0.0,2.734366353,3.0,125.0,1100.0,1.5129
138,60.0,33.90006521,25.0,85.52915767,0.0,14.47084233,0.283335103,100.0,0.431226105,0.855291577,0.3,125.0,1100.0,1.61025
358,80.0,3.333333333,25.0,85.52915767,0.0,14.47084233,0.11,46.0,0.35,1.462548596,0.15,125.0,1100.0,1.89005
388,100.0,2.0,5.0,85.52915767,0.0,14.47084233,0.5,30.0,0.5,4.276457883,0.8,125.0,1100.0,1.26041
193,90.0,4.0,5.0,44.62645268,10.06087438,5.312672939,0.176470588,40.0,0.388888889,0.4,0.1,50.0,980.0,4.64652
318,80.0,3.33,6.25,85.52915767,0.0,14.47084233,0.5,40.0,0.5,1.710583153,2.0,120.0,870.0,1.801
137,70.0,149.5460768,25.0,85.52915767,0.0,14.47084233,1.639597676,100.0,2.206784502,0.855291577,0.3,254.0,1100.0,1.22455
537,60.0,270.0,48.46351845,85.52915767,0.0,14.47084233,2.150691132,59.34613525,1.812971149,0.256587473,0.5,175.0,1100.0,0.86611
328,80.0,0.5,4.0,74.37742114,16.76812396,8.854454898,0.3,40.0,0.3,2.734366353,1.2,125.0,1100.0,2.411
52,80.0,50.0,4.0,85.52915767,0.0,14.47084233,0.33,40.0,0.33,2.56587473,0.5,50.0,1100.0,4.14377
88,80.0,25.0,17.64,85.52915767,0.0,14.47084233,0.392512756,58.91114485,0.280061335,2.25,0.8,175.0,1100.0,2.04693
527,50.0,12.79225342,5.0,85.52915767,0.0,14.47084233,0.25,40.0,0.5,0.4,0.1,90.0,980.0,2.41672
189,40.0,4.0,5.0,44.62645268,10.06087438,5.312672939,0.176470588,40.0,0.388888889,0.4,0.1,50.0,980.0,2.51069
34,60.0,100.0,5.29,100.0,0.0,0.0,0.0,100.0,3.0,0.55,0.5,175.0,1100.0,0.414122343
449,40.0,4.0,5.0,74.37742114,16.76812396,8.854454898,0.2,30.0,0.3,1.367183177,0.1,90.0,1000.0,2.38519
301,80.0,2.0,5.0,85.52915767,0.0,14.47084233,0.5,50.0,0.5,2.0,0.3,125.0,1100.0,1.937
434,60.0,45.0,22.7,85.52915767,0.0,14.47084233,0.15,40.0,0.2,2.993520518,0.6,175.0,1100.0,0.36357
221,40.0,60.0,25.0,0.0,60.3,23.9,0.649367093,30.0,0.360181846,3.0,0.7,125.0,1100.0,0.44909
201,25.0,300.0,5.0,85.52915767,0.0,14.47084233,0.522031656,40.0,5.254507803,2.56587473,0.4,125.0,1100.0,0.00747
94,80.0,9.1,5.0,85.52915767,0.0,14.47084233,0.052631579,46.7,0.428571429,1.000691145,0.1,25.0,1100.0,4.09669
187,80.0,4.0,5.0,74.37742114,16.76812396,8.854454898,0.176470588,40.0,0.388888889,0.3,0.1,50.0,980.0,4.65991
446,80.0,4.0,5.0,74.37742114,16.76812396,8.854454898,0.2,30.0,0.3,1.367183177,0.5,90.0,1000.0,4.00087
132,80.0,3.0,1.0,38.48805,0.0,17.7521,0.111111111,40.0,0.333,0.288660375,0.2,50.0,1100.780395,7.43521293
1,80.0,40.0,4.0,85.52915767,0.0,14.47084233,0.22,60.0,1.0,1.282937365,0.3,125.0,1100.0,1.78058
93,80.0,9.1,5.0,85.52915767,0.0,14.47084233,0.052631579,46.7,0.428571429,1.000691145,0.1,25.0,1100.0,4.09669
521,60.0,5.88203717,5.0,100.0,0.0,0.0,0.25,40.0,0.5,0.4,0.1,90.0,980.0,1.12581
406,25.0,0.176042236,5.0,74.37742114,16.76812396,8.854454898,0.176,30.0,0.333,0.36458218,0.1,90.0,980.0,1.95415
113,80.0,50.0,4.0,85.52915767,0.0,14.47084233,0.0,20.0,0.428571429,0.38,0.2,50.0,1100.0,4.44662
242,90.0,2.0,5.0,74.37742114,16.76812396,8.854454898,0.25,30.0,0.5,1.5,0.4,125.0,1100.0,3.54579
327,80.0,0.5,4.0,85.52915767,0.0,14.47084233,0.3,40.0,0.3,1.710583153,0.24,125.0,1100.0,2.324
364,30.0,60.0,25.0,0.0,75.66401816,24.33598184,1.14838301,0.0,0.853256179,2.269920545,0.7,125.0,1100.0,0.60775
241,90.0,2.0,5.0,74.37742114,16.76812396,8.854454898,0.25,30.0,0.5,1.5,0.4,120.0,870.0,3.86121
203,80.0,5.0,5.0,75.0,0.0,16.70138496,0.131221719,46.7,0.6,2.0,0.35,50.0,1100.0,5.68462
218,80.0,60.0,25.0,0.0,37.7,23.7,0.556458005,30.0,0.440651046,3.0,0.7,125.0,1100.0,0.4867
268,70.0,60.0,25.0,0.0,83.55,16.45,1.209403102,0.0,0.949670782,2.5065,0.7,125.0,1100.0,0.631
414,40.0,0.836984731,5.0,74.37742114,16.76812396,8.854454898,0.176,30.0,0.333,0.36458218,0.1,90.0,980.0,2.53745
21,100.0,75.0,50.0,100.0,0.0,0.0,0.0,100.0,0.0,0.25,0.25,50.0,825.0,0.41541
237,50.0,2.0,5.0,74.37742114,16.76812396,8.854454898,0.25,30.0,0.5,1.5,0.4,120.0,870.0,2.59714
62,30.0,10.0,20.0,100.0,0.0,0.0,0.428571429,100.0,0.428571429,3.0,1.0,88.0,1100.0,0.77297442
26,100.0,75.0,50.0,100.0,0.0,0.0,0.0,100.0,0.0,0.5,0.25,50.0,825.0,6.4557
77,56.0,2.0,25.0,85.52915767,0.0,14.47084233,0.41609371,61.73340883,0.303549883,2.138228942,0.8,175.0,1100.0,1.44205
139,80.0,37.15180574,25.0,85.52915767,0.0,14.47084233,0.245108279,100.0,0.304832613,0.855291577,0.3,125.0,1100.0,2.01473
229,80.0,3.0,1.0,38.48805,0.0,17.7521,0.146996111,40.0,0.317235791,0.288660375,0.2,50.0,1100.0,7.00546
479,80.0,40.0,3.645,34.28571429,0.0,15.33368323,0.394818831,40.0,0.253866368,0.342857143,0.5,175.0,1100.0,0.80399
518,30.0,7.231529218,5.0,100.0,0.0,0.0,0.25,40.0,0.5,0.4,0.1,90.0,980.0,0.73407
387,90.0,2.0,5.0,85.52915767,0.0,14.47084233,0.5,30.0,0.5,4.276457883,0.8,125.0,1100.0,1.11336
305,70.0,2.0,5.0,85.52915767,0.0,14.47084233,0.5,50.0,0.5,2.0,0.3,120.0,870.0,2.989
573,80.0,133.8868696,50.0,74.57142857,0.0,17.63723082,0.52331276,56.65162919,1.630061366,1.491428571,0.4,125.0,1100.0,1.99967
23,100.0,75.0,50.0,100.0,0.0,0.0,0.0,100.0,0.0,0.25,0.25,50.0,825.0,5.17595
171,90.0,19.87949333,6.397091281,100.0,0.0,0.0,0.612525952,0.0,0.883526064,2.4,0.0,113.5778551,1100.0,2.05767
262,80.0,7.0,4.0,0.0,39.10927536,22.95889891,0.299340305,40.0,0.472441305,1.173278261,0.6,125.0,1100.0,1.561
436,120.0,15.0,6.25,85.52915767,0.0,14.47084233,0.0,46.5,0.566669369,0.02736933,0.4,50.0,1100.0,0.40837
343,25.0,22.36134449,5.0,76.72992366,2.378541997,15.30031216,1.425,46.1,0.37,1.977711641,0.4,125.0,1100.0,0.24452
336,80.0,20.0,5.0,74.37742114,16.76812396,8.854454898,0.169105913,100.0,0.133238398,2.734366353,3.0,125.0,1100.0,4.268
42,50.0,100.0,5.29,100.0,0.0,0.0,4.545454545,100.0,3.0,0.55,0.5,175.0,1100.0,1.03004025
106,80.0,1.0,5.0,74.37742114,16.76812396,8.854454898,0.176470588,40.0,0.388888889,1.5,0.5,90.0,980.0,3.8445
212,80.0,4.0,5.0,74.37742114,16.76812396,8.854454898,0.216438027,30.0,0.508048208,1.27,0.1,90.0,1000.0,3.39548
51,80.0,50.0,4.0,85.52915767,0.0,14.47084233,0.33,40.0,0.33,1.710583153,0.5,50.0,1100.0,3.69375
532,60.0,270.0,46.29038746,85.52915767,0.0,14.47084233,2.25415716,61.69268321,2.060287811,0.256587473,0.5,175.0,1100.0,1.10127
299,90.0,4.0,5.0,85.52915767,0.0,14.47084233,0.25,30.0,0.5,1.282937365,0.5,125.0,1100.0,2.281
142,80.0,14.93631308,1.0,85.73,0.0,14.27,0.176470588,20.0,0.176470588,1.7146,0.5,125.0,1100.0,1.76007
402,80.0,2.0,5.14045926,85.52915767,0.0,14.47084233,0.5,30.0,0.5,4.276457883,0.8,125.0,1092.791857,1.68616
38,40.0,100.0,5.29,100.0,0.0,0.0,2.727272727,100.0,3.0,0.55,0.5,175.0,1100.0,1.105183113
475,80.0,40.0,3.645,34.61,48.47,16.92,0.409308137,40.0,0.430455139,2.077,0.5,175.0,1100.0,2.2324
82,80.0,40.0,5.0,85.52915767,0.0,14.47084233,0.67,40.0,0.67,0.2,0.5,125.0,1100.0,1.80294
480,80.0,40.0,3.645,34.28571429,0.0,16.02060897,0.318160019,40.0,0.236312215,0.342857143,0.5,175.0,1100.0,0.72521
116,80.0,50.0,4.0,85.52915767,0.0,14.47084233,0.25,20.0,0.428571429,0.38,0.2,50.0,1100.0,4.11311
560,25.0,18.18052287,5.0,85.52915767,0.0,14.47084233,0.111111111,46.1,0.369863014,2.138228942,0.4,125.0,1100.0,0.38834
397,80.0,1.0,4.62,100.0,0.0,0.0,0.09375,66.67,0.410094259,0.16,0.6,125.0,1100.0,1.84737
257,22.0,0.166666667,5.0,74.37742114,16.76812396,8.854454898,0.25,0.0,0.25,2.734366353,0.0,125.0,1100.0,0.096
359,80.0,250.0,86.0,50.0,0.0,0.0,0.0,50.0,0.0,0.15,0.15,175.0,1100.0,1.68358
261,80.0,7.0,4.0,0.0,30.35461078,22.62905869,0.279346868,40.0,0.400496475,0.910638323,0.6,125.0,1100.0,1.587
148,80.0,179.253238,67.42374679,93.6,0.0,0.0,1.335046695,100.0,3.166666667,0.1,0.680885379,131.7718913,1100.0,2.65512
128,80.0,3.0,1.0,38.48805,0.0,17.7521,0.142857143,40.0,0.333,0.288660375,0.2,50.0,1100.0,4.17495222
86,80.0,25.0,17.64,85.52915767,0.0,14.47084233,0.293560947,59.00710904,0.236309593,2.25,0.8,175.0,1100.0,2.27593
145,80.0,10.43487187,1.0,77.1429,0.0,14.9804,0.176470588,20.0,0.176470588,1.542858,0.5,125.0,1100.0,1.67823
164,70.0,4.0,6.299615628,40.0,0.0,21.97791598,0.5,30.0,0.5,0.4,1.0,125.0,1100.0,0.75526
277,80.0,50.0,25.0,85.52915767,0.0,14.47084233,0.262323088,100.0,0.143781181,2.5,0.8,175.0,1100.0,2.106
216,80.0,50.0,25.0,85.52915767,0.0,14.47084233,0.278863389,60.0,0.133623675,2.25,0.8,175.0,1100.0,2.25297
463,80.0,4.0,5.0,74.37742114,16.76812396,8.854454898,0.2,30.0,0.3,0.36458218,0.1,90.0,1000.0,3.36382
57,80.0,50.0,4.0,85.52915767,0.0,14.47084233,0.33,40.0,0.33,3.421166307,2.0,50.0,1100.0,4.22911
421,90.0,15.0,4.0,85.52915767,0.0,14.47084233,0.0,46.3,0.361993039,0.04663905,0.4,50.8,1100.0,1.88758
198,80.0,40.0,16.0,85.52915767,0.0,14.47084233,3.0,7.0,0.33,0.9,0.25,50.0,1100.0,4.63004
321,110.0,3.33,6.25,85.52915767,0.0,14.47084233,0.5,40.0,0.5,1.710583153,2.0,120.0,870.0,2.123
570,130.0,40.22818585,4.0,51.42857143,0.0,24.59807287,0.176470588,100.0,0.176470588,0.462857143,0.5,175.0,1100.0,1.93747
76,80.0,2.0,25.0,85.52915767,0.0,14.47084233,0.348796808,63.45910565,0.250319708,2.138228942,0.8,175.0,1100.0,1.95522
39,50.0,100.0,5.29,100.0,0.0,0.0,2.727272727,100.0,3.0,0.55,0.5,175.0,1100.0,1.33805108
499,90.0,15.0,1.21,85.52915767,0.0,14.47084233,0.0,100.0,0.428571429,0.085529158,0.021,50.0,1100.0,2.55324
373,80.0,1.0,1.0,19.1,0.0,3.231565657,0.43,46.0,0.43,0.5,0.5,175.0,1100.0,2.2379
209,80.0,40.0,2.89,85.52915767,0.0,14.47084233,0.331638452,40.0,0.53927078,0.27,0.5,175.0,1100.0,1.90481
501,80.0,68.48132884,2.0,85.52915767,0.0,14.47084233,0.176470588,20.0,0.176470588,1.710583153,0.2,175.0,1100.0,1.77944
513,80.0,25.7542622,8.0,85.52915767,0.0,14.47084233,0.052631579,20.0,0.332386614,0.179611231,0.245296397,50.0,1100.0,3.06547
502,80.0,0.1,6.76,85.52915767,0.0,14.47084233,0.505126236,30.0,0.683573239,3.421166307,1.8,175.0,1100.0,1.27121
47,80.0,177.3537945,46.44061618,85.52915767,0.0,14.47084233,1.25,20.0,2.695305855,0.342116631,0.716088856,175.0,1100.0,1.00165566
275,40.0,20.0,25.0,100.0,0.0,0.0,0.26887693,100.0,0.187223176,1.0,0.3,121.633866,1100.0,0.867
432,60.0,25.0,4.0,85.52915767,0.0,14.47084233,0.15,40.0,0.2,0.855291577,0.6,175.0,1100.0,0.5252
283,80.0,40.0,3.645,66.86367932,0.0,11.13280261,0.33,40.0,0.33,2.5,0.5,175.0,1100.0,0.74885
396,80.0,1.0,4.62,100.0,0.0,0.0,0.1875,66.67,0.422209462,0.08,0.6,125.0,1100.0,1.68624
178,70.0,60.0,25.0,0.0,75.66401816,24.33598184,1.125104047,0.0,0.976247596,2.269920545,0.7,125.0,1100.0,0.53207
330,80.0,4.0,5.0,74.37742114,16.76812396,8.854454898,0.25,30.0,0.5,1.367183177,0.5,105.0,1219.5,2.791
512,80.0,23.18781906,8.0,85.52915767,0.0,14.47084233,0.052631579,20.0,0.547779252,0.230928726,0.31848447,50.0,1100.0,2.71734
503,80.0,20.0,5.0,74.37742114,16.76812396,8.854454898,0.0,100.0,0.0,2.734366353,0.2,125.0,1100.0,2.31169
355,80.0,3.333333333,25.0,85.52915767,0.0,14.47084233,0.11,46.0,0.35,0.273693305,0.25,125.0,1100.0,1.52086
464,80.0,4.0,5.0,74.37742114,16.76812396,8.854454898,0.2,30.0,0.3,0.36458218,0.1,90.0,1000.0,3.41717
378,100.0,2.0,5.0,85.52915767,0.0,14.47084233,0.5,30.0,0.5,4.276457883,0.8,125.0,1100.0,1.20777
101,55.0,172.8442295,120.0,100.0,0.0,0.0,0.635637283,100.0,4.227462648,1.0,0.9,125.0,1100.0,1.63551
362,60.0,33.0,25.0,85.52915767,0.0,14.47084233,0.352622458,100.0,0.304951422,1.702030238,1.31,175.0,1100.0,2.05186
323,80.0,3.33,6.25,85.52915767,0.0,14.47084233,0.5,40.0,0.5,1.710583153,2.0,70.0,206.185567,2.35
442,40.0,4.0,5.0,74.37742114,16.76812396,8.854454898,0.2,30.0,0.3,1.367183177,0.5,90.0,1000.0,2.38421
461,90.0,4.0,5.0,74.37742114,16.76812396,8.854454898,0.2,30.0,0.3,0.36458218,0.1,90.0,1000.0,3.76125
172,90.0,8.988187269,5.181006485,80.595,0.0,19.4,0.363278133,30.0,0.485953041,1.6119,0.6,122.8596877,1100.0,2.21244
538,60.0,270.0,56.10548285,85.52915767,0.0,14.47084233,1.467094912,65.07818298,1.56248354,0.256587473,0.5,175.0,1100.0,1.52817
117,80.0,50.0,4.0,85.52915767,0.0,14.47084233,0.428571429,20.0,0.428571429,0.38,0.2,50.0,1100.0,3.22977
232,80.0,201.9482085,50.0,85.52915767,0.0,14.47084233,0.859194778,100.0,4.55949173,4.0,4.0,254.0,1100.0,0.91492
121,90.0,50.0,4.0,85.52915767,0.0,14.47084233,0.052631579,20.0,0.428571429,0.38,0.2,50.0,1100.0,5.29214
214,80.0,4.0,5.0,74.37742114,16.76812396,8.854454898,0.185237449,30.0,0.346548768,0.34,0.1,90.0,1000.0,3.30852
296,60.0,4.0,5.0,85.52915767,0.0,14.47084233,0.25,30.0,0.5,1.282937365,0.5,125.0,1100.0,2.198
246,80.0,6.0,1.0,100.0,0.0,0.0,0.281309906,20.0,0.550190187,2.0,0.5,125.0,1100.0,1.41264
324,100.0,3.33,6.25,85.52915767,0.0,14.47084233,0.5,40.0,0.5,1.710583153,2.0,70.0,206.185567,2.627
252,80.0,50.0,25.0,85.73,0.0,14.27,0.33,60.0,0.25,0.0,0.8,175.0,1100.0,1.467
403,80.0,2.0,5.096994823,85.52915767,0.0,14.47084233,0.5,30.0,0.5,4.276457883,0.8,125.0,1089.811597,1.77692
307,27.5,3.33,6.25,85.52915767,0.0,14.47084233,0.5,40.0,0.5,1.710583153,2.0,120.0,870.0,1.133
326,120.0,3.33,6.25,85.52915767,0.0,14.47084233,0.5,40.0,0.5,1.710583153,2.0,70.0,206.185567,3.22
357,80.0,3.333333333,25.0,85.52915767,0.0,14.47084233,0.11,46.0,0.35,0.607257019,0.25,125.0,1100.0,1.86064
337,80.0,1.0,5.0,74.37742114,16.76812396,8.854454898,0.2,40.0,0.39,0.34,0.1,90.0,980.0,3.67908
271,90.0,15.0,6.25,85.52915767,0.0,14.47084233,0.024426311,46.3,0.408384648,0.085529158,0.4,50.0,1100.0,2.244
291,80.0,4.0,5.0,74.37742114,16.76812396,8.854454898,0.25,30.0,0.5,1.367183177,0.5,125.0,1100.0,3.22
124,25.0,5.0,19.52906292,100.0,0.0,0.0,0.462567083,100.0,0.360291006,2.2,0.8,175.0,1100.0,0.27489
520,50.0,9.884736133,5.0,100.0,0.0,0.0,0.25,40.0,0.5,0.4,0.1,90.0,980.0,1.0107
10,80.0,4.166666667,100.0,85.52915767,0.0,14.47084233,0.299736894,100.0,0.113758053,1.026349892,0.4,175.0,1100.0,0.90535
317,60.0,3.33,6.25,85.52915767,0.0,14.47084233,0.5,40.0,0.5,1.710583153,2.0,120.0,870.0,1.377
54,80.0,50.0,4.0,85.52915767,0.0,14.47084233,0.33,40.0,0.33,3.421166307,0.05,50.0,1100.0,2.8227
539,60.0,270.0,50.71720836,85.52915767,0.0,14.47084233,1.593259687,66.99216329,1.396445589,0.256587473,0.5,175.0,1100.0,1.48807
549,80.0,300.0,25.0,85.52915767,0.0,14.47084233,0.1,47.0,0.2385,0.1,0.1,175.0,1100.0,2.4094
563,90.0,43.60864492,4.0,85.52915767,0.0,14.47084233,0.176470588,100.0,0.176470588,0.769762419,0.5,175.0,1100.0,0.58334
383,100.0,2.0,5.0,85.52915767,0.0,14.47084233,0.5,30.0,0.5,4.276457883,0.8,120.0,909.2903488,1.97725
140,25.0,29.54840386,1.0,85.73,0.0,14.27,0.176470588,20.0,0.176470588,1.7146,0.5,125.0,1100.0,0.75289
541,60.0,270.0,48.70743937,85.52915767,0.0,14.47084233,1.81430178,66.99913458,1.664700164,0.256587473,0.5,175.0,1100.0,1.43162
29,40.0,20.0,5.0,74.37742114,16.76812396,8.854454898,0.201789391,100.0,0.246510782,2.734366353,3.0,125.0,1100.0,1.66216
130,80.0,3.0,1.0,38.48805,0.0,17.7521,0.142857143,40.0,0.333,0.288660375,0.2,50.0,1099.293143,5.77255227
542,60.0,270.0,47.54916178,85.52915767,0.0,14.47084233,1.629301042,64.40594124,1.510509545,0.256587473,0.5,175.0,1100.0,1.35066
60,30.0,10.0,20.0,100.0,0.0,0.0,0.428571429,100.0,0.428571429,2.0,1.0,88.0,1100.0,0.84511416
205,80.0,5.0,5.0,75.0,0.0,16.58175292,0.131221719,46.7,0.6,2.0,0.35,50.0,1100.0,4.35361
14,80.0,1.5,5.0,100.0,0.0,0.0,0.264651442,46.0,0.491437084,1.0,0.184,50.0,1100.0,1.72402
472,90.0,16.06912344,7.0,100.0,0.0,0.0,0.367998738,40.0,0.690019981,2.0,0.8,125.0,1100.0,1.84878
152,80.0,3.0,1.0,85.52915767,0.0,14.47084233,0.33,40.0,0.33,0.641468683,0.2,50.0,1100.0,3.98819
288,50.0,4.0,5.0,74.37742114,16.76812396,8.854454898,0.25,30.0,0.5,1.367183177,0.5,125.0,1100.0,2.23
353,80.0,3.333333333,25.0,85.52915767,0.0,14.47084233,0.11,46.0,0.35,0.085529158,0.25,125.0,1100.0,1.06613
280,80.0,40.0,3.645,57.81239854,0.0,9.625764357,0.33,40.0,0.33,2.5,0.5,175.0,1100.0,0.765
561,25.0,18.07778353,5.0,68.32740214,15.40416878,16.26842908,0.111111111,46.1,0.369863014,2.093289273,0.4,125.0,1100.0,0.44392
478,80.0,40.0,3.645,34.28571429,0.0,15.0234511,0.336870784,40.0,0.269741992,0.342857143,0.5,175.0,1100.0,0.65519
184,80.0,4.0,5.0,44.62645268,10.06087438,5.312672939,0.176470588,40.0,0.388888889,0.4,0.1,50.0,980.0,4.23721
188,30.0,4.0,5.0,44.62645268,10.06087438,5.312672939,0.176470588,40.0,0.388888889,0.4,0.1,50.0,980.0,2.04959
571,80.0,46.54984771,4.0,0.0,75.66401816,24.33598184,0.33,40.0,0.33,1.930846742,0.549794743,125.0,1100.0,2.49274
192,70.0,4.0,5.0,44.62645268,10.06087438,5.312672939,0.176470588,40.0,0.388888889,0.4,0.1,50.0,980.0,3.87371
236,40.0,2.0,5.0,74.37742114,16.76812396,8.854454898,0.25,30.0,0.5,1.5,0.4,120.0,870.0,2.24886
285,60.0,1800.0,160.0,100.0,0.0,0.0,0.4,40.0,0.6,1.5,0.4,125.0,1100.0,1.618
157,80.0,20.0,5.0,74.37742114,16.76812396,8.854454898,0.0,100.0,0.0,2.734366353,0.032,125.0,1100.0,2.0043
419,90.0,4.41005401,5.0,74.37742114,16.76812396,8.854454898,0.176,30.0,0.333,0.36458218,0.1,90.0,980.0,4.59322
49,80.0,50.0,4.0,85.52915767,0.0,14.47084233,0.33,40.0,0.33,0.855291577,0.5,50.0,1100.0,2.54912
341,80.0,5.0,5.0,75.0,0.0,17.5,0.13,4.8,0.25,3.97,0.025,50.0,1100.0,4.6323
204,80.0,5.0,5.0,75.0,0.0,16.34506214,0.388888889,46.7,0.6,2.0,0.35,50.0,1100.0,4.4468
150,80.0,216.0759697,84.77637295,100.0,0.0,0.0,1.052094626,100.0,3.166666667,0.1,0.796856937,160.7500869,1100.0,1.60887
429,60.0,25.0,4.0,85.52915767,0.0,14.47084233,0.15,40.0,0.2,0.641468683,0.6,175.0,1100.0,1.15849
297,70.0,4.0,5.0,85.52915767,0.0,14.47084233,0.25,30.0,0.5,1.282937365,0.5,125.0,1100.0,2.561
418,80.0,5.515116088,5.0,74.37742114,16.76812396,8.854454898,0.176,30.0,0.333,0.36458218,0.1,90.0,980.0,4.21004
264,30.0,60.0,25.0,0.0,75.66401816,24.33598184,0.991478011,0.0,0.895946091,2.269920545,0.7,125.0,1100.0,0.402
339,80.0,5.0,5.0,75.0,0.0,17.5,0.13,4.8,0.25,1.58,0.025,50.0,1100.0,5.07672
526,40.0,8.912526762,5.0,85.52915767,0.0,14.47084233,0.25,40.0,0.5,0.4,0.1,90.0,980.0,2.04864
190,55.0,4.0,5.0,44.62645268,10.06087438,5.312672939,0.176470588,40.0,0.388888889,0.4,0.1,50.0,980.0,3.06217
454,90.0,4.0,5.0,74.37742114,16.76812396,8.854454898,0.2,30.0,0.3,1.367183177,0.1,90.0,1000.0,4.20645
544,60.0,270.0,46.628956,85.52915767,0.0,14.47084233,1.664678144,63.55320148,1.524590647,0.256587473,0.5,175.0,1100.0,1.10715
161,80.0,16.57453349,1.0,34.2857,0.0,18.454,0.176470588,20.0,0.176470588,0.685714,0.5,125.0,1100.0,0.76518
74,30.0,10.0,20.0,20.0,0.0,0.0,0.428571429,100.0,0.428571429,0.3,1.0,88.0,1100.0,1.08855
144,80.0,13.93423115,1.0,51.4286,0.0,17.0646,0.176470588,20.0,0.176470588,1.028572,0.5,125.0,1100.0,0.89142
169,90.0,14.02002948,2.64287184,100.0,0.0,0.0,0.333017398,30.0,0.579518935,2.4,0.6,124.1586196,1100.0,1.79949
416,60.0,1.525835128,5.0,74.37742114,16.76812396,8.854454898,0.176,30.0,0.333,0.36458218,0.1,90.0,980.0,3.25687
99,90.0,130.8010375,8.0,85.52915767,0.0,14.47084233,0.052631579,40.0,26.04166667,1.710583153,0.96,125.0,1100.0,1.17386
543,60.0,270.0,48.92558452,85.52915767,0.0,14.47084233,1.645540756,64.7978551,1.698525054,0.256587473,0.5,175.0,1100.0,1.12925
15,80.0,1.5,5.0,40.0,0.0,12.7397,0.25658492,46.0,0.533679577,0.4,0.184,50.0,1100.0,1.92004
43,60.0,100.0,5.29,100.0,0.0,0.0,4.545454545,100.0,3.0,0.55,0.5,175.0,1100.0,1.225950758
380,120.0,2.0,5.0,85.52915767,0.0,14.47084233,0.5,30.0,0.5,4.276457883,0.8,125.0,1100.0,0.29
375,80.0,18.88169371,5.0,74.37742114,16.76812396,8.854454898,0.322609985,71.48829017,0.3132326,2.734366353,3.0,175.0,1100.0,1.96581
552,80.0,300.0,25.0,85.52915767,0.0,14.47084233,0.3,47.0,0.2385,0.1,0.1,175.0,1100.0,2.50361
368,70.0,60.0,25.0,0.0,75.66401816,24.33598184,1.394211044,0.0,1.371145954,2.269920545,0.7,125.0,1100.0,0.90312
572,80.0,37.56499288,4.0,0.0,61.27392967,24.63458319,0.33,40.0,0.33,2.081839933,0.625464892,125.0,1100.0,1.5096
58,30.0,10.0,20.0,100.0,0.0,0.0,0.428571429,100.0,0.428571429,1.0,1.0,88.0,1100.0,0.75294696
507,80.0,50.0,5.0,100.0,0.0,0.0,0.33,70.0,0.33,1.5,0.57,125.0,1100.0,2.37162
399,80.0,2000.0,250.0,85.52915767,0.0,14.47084233,2.170319628,46.0,1.873798728,0.855291577,0.5,175.0,1100.0,1.07555
167,70.0,4.0,10.63367693,25.6587473,0.0,32.341,0.5,30.0,0.5,0.256587473,1.0,125.0,1100.0,0.33713
398,80.0,1.0,4.62,100.0,0.0,0.0,0.0625,66.67,0.328723974,0.24,0.6,125.0,1100.0,1.95219
473,80.0,40.0,3.645,85.52915767,0.0,14.47084233,0.402491773,40.0,0.457914718,2.138228942,0.5,175.0,1100.0,1.55392
439,120.0,15.0,6.25,85.52915767,0.0,14.47084233,0.0,46.5,0.430129594,0.885714298,0.4,50.0,1100.0,1.77135
456,40.0,4.0,5.0,74.37742114,16.76812396,8.854454898,0.2,30.0,0.3,0.36458218,0.1,90.0,1000.0,1.95831
220,28.0,60.0,25.0,0.0,60.3,23.9,0.661053715,30.0,0.380369801,3.0,0.7,125.0,1100.0,0.40263
174,30.0,21.20177116,10.99479906,80.595,0.0,19.4,0.698133711,30.0,0.386906671,1.6119,0.6,123.4933406,1100.0,0.75276
267,60.0,60.0,25.0,0.0,83.55,16.45,1.126928022,0.0,0.944699498,2.5065,0.7,125.0,1100.0,0.565
75,60.0,2.0,25.0,85.52915767,0.0,14.47084233,0.361332014,62.14057076,0.240665267,2.138228942,0.8,175.0,1100.0,1.50897
483,80.0,40.0,3.645,68.57142857,0.0,15.12820511,1.394017747,40.0,1.599086947,0.685714286,0.5,175.0,1100.0,1.11852
147,80.0,222.2528809,82.85003303,98.3,0.0,0.0,1.359309054,100.0,3.166666667,0.1,0.704505202,153.2730029,1100.0,1.83989
554,80.0,300.0,25.0,85.52915767,0.0,14.47084233,0.8,47.0,0.2385,0.1,0.1,175.0,1100.0,1.56223
574,80.0,146.1316266,50.0,62.57142857,0.0,21.24655633,0.517763389,59.061825,1.501483537,1.251428571,0.4,125.0,1100.0,1.56308
412,90.0,4.41005401,5.0,74.37742114,16.76812396,8.854454898,0.176,30.0,0.333,0.36458218,0.1,90.0,980.0,4.67949
255,80.0,50.0,25.0,85.73,0.0,14.27,0.33,60.0,0.25,0.025,0.8,175.0,1100.0,2.044
6,80.0,75.0,50.0,100.0,0.0,0.0,0.0,100.0,0.0,0.5,0.25,125.0,1100.0,3.49252
226,60.0,40.0,4.5,85.52915767,0.0,14.47084233,3.0,20.0,10.0,2.0,0.05,50.0,1100.0,1.09971
215,80.0,4.0,5.0,74.37742114,16.76812396,8.854454898,0.170961391,30.0,0.385283062,0.34,0.1,90.0,1000.0,3.0756
98,90.0,126.352113,8.0,85.52915767,0.0,14.47084233,0.052631579,40.0,21.875,1.710583153,0.96,125.0,1100.0,1.49462
248,80.0,500.0,29.16,85.52915767,0.0,14.47084233,1.049165401,100.0,6.007528044,2.03,1.05,125.0,1100.0,1.1286
105,80.0,1.0,5.0,74.37742114,16.76812396,8.854454898,0.176470588,40.0,0.388888889,0.4,0.1,90.0,980.0,3.27332
118,25.0,50.0,4.0,85.52915767,0.0,14.47084233,0.052631579,20.0,0.428571429,0.38,0.2,50.0,1100.0,1.66532
206,80.0,5.0,5.0,75.0,0.0,16.57390417,0.131221719,46.7,0.6,2.0,0.35,50.0,1100.0,4.21697
112,60.0,37.49612841,5.0,85.52915767,0.0,14.47084233,0.725839461,100.0,0.586807681,1.710583153,2.0,175.0,1100.0,1.12731
304,60.0,2.0,5.0,85.52915767,0.0,14.47084233,0.5,50.0,0.5,2.0,0.3,120.0,870.0,2.764
19,90.0,75.0,50.0,100.0,0.0,0.0,0.0,100.0,0.0,0.25,0.25,50.0,825.0,7.17722
426,60.0,25.0,4.0,85.52915767,0.0,14.47084233,0.15,40.0,0.2,1.214514039,0.6,175.0,1100.0,1.53804
393,100.0,2.0,5.0,85.52915767,0.0,14.47084233,0.5,30.0,0.5,4.276457883,0.8,120.0,918.6766929,1.9812
382,90.0,2.0,5.0,85.52915767,0.0,14.47084233,0.5,30.0,0.5,4.276457883,0.8,120.0,910.8087456,1.89365
7,80.0,75.0,50.0,100.0,0.0,0.0,0.0,100.0,0.0,0.5,0.25,125.0,1100.0,1.93144
160,80.0,20.0,5.0,74.37742114,16.76812396,8.854454898,0.0,100.0,0.0,2.734366353,0.193,125.0,1100.0,2.20891
351,60.0,79.57353151,25.0,79.37854279,2.460646234,15.82845943,1.425,46.1,0.37,1.227587835,0.4,175.0,1100.0,0.94852
46,80.0,68.19816646,15.06164193,85.52915767,0.0,14.47084233,1.666666667,20.0,1.304913997,0.256587473,0.742630275,175.0,1100.0,1.00810751
423,90.0,15.0,4.0,85.52915767,0.0,14.47084233,0.0,46.3,0.373892784,0.224573909,0.4,50.8,1100.0,1.72261
310,80.0,3.33,6.25,85.52915767,0.0,14.47084233,0.5,40.0,0.5,1.710583153,2.0,120.0,870.0,3.142
466,60.0,22.65314054,4.0,85.52915767,0.0,14.47084233,0.176,40.0,0.299,0.74838013,1.0,175.0,1100.0,0.7192
450,50.0,4.0,5.0,74.37742114,16.76812396,8.854454898,0.2,30.0,0.3,1.367183177,0.1,90.0,1000.0,2.72957
363,80.0,33.0,25.0,85.52915767,0.0,14.47084233,0.346040407,100.0,0.270084939,1.702030238,1.19,175.0,1100.0,2.06842
293,30.0,4.0,5.0,85.52915767,0.0,14.47084233,0.25,30.0,0.5,1.282937365,0.5,125.0,1100.0,1.316
217,80.0,60.0,25.0,0.0,60.3,23.9,0.533299699,30.0,0.352105292,3.0,0.7,125.0,1100.0,0.73829
376,80.0,2.0,5.0,85.52915767,0.0,14.47084233,0.5,30.0,0.5,4.276457883,0.8,125.0,1100.0,1.20862
123,25.0,3.0,16.39935154,100.0,0.0,0.0,0.474476317,100.0,0.408802739,2.2,0.8,175.0,1100.0,0.26037
199,25.0,100.0,5.0,85.52915767,0.0,14.47084233,0.530536545,40.0,2.67583947,2.56587473,0.4,125.0,1100.0,0.0088
422,90.0,15.0,4.0,85.52915767,0.0,14.47084233,0.0,46.3,0.37254426,0.085546263,0.4,50.8,1100.0,2.24291
2,80.0,40.0,4.0,85.52915767,0.0,14.47084233,0.1,60.0,0.28,1.282937365,0.3,115.0,360.0,5.01187
394,110.0,2.0,5.0,85.52915767,0.0,14.47084233,0.5,30.0,0.5,4.276457883,0.8,120.0,901.8686384,2.13366
28,20.0,20.0,5.0,74.37742114,16.76812396,8.854454898,0.267789667,100.0,0.419134153,2.734366353,3.0,125.0,1100.0,1.1635
533,60.0,270.0,51.83117186,85.52915767,0.0,14.47084233,1.882657881,61.06389396,1.808704345,0.256587473,0.5,175.0,1100.0,1.05625
20,100.0,75.0,50.0,100.0,0.0,0.0,0.0,100.0,0.0,0.25,0.25,50.0,825.0,7.17722
31,80.0,20.0,5.0,74.37742114,16.76812396,8.854454898,0.16460804,100.0,0.128906863,2.734366353,3.0,125.0,1100.0,3.55716
491,60.0,20.0,5.0,74.37742114,16.76812396,8.854454898,0.175165486,100.0,0.146826524,2.734366353,3.0,125.0,1100.0,2.22295
347,60.0,65.94589259,25.0,80.2284846,4.689280639,15.08223476,1.425,46.1,0.37,1.486060892,0.4,175.0,1100.0,0.68816
476,80.0,40.0,3.645,34.61,48.47,16.92,0.409308137,40.0,0.430455139,2.077,0.5,175.0,1100.0,2.2324
81,80.0,40.0,5.0,85.52915767,0.0,14.47084233,0.67,40.0,0.67,1.2,0.5,125.0,1100.0,2.43637
494,70.0,100.0,25.0,100.0,0.0,0.0,1.424291924,100.0,5.631522138,2.0,1.0,175.0,1100.0,1.21457
381,80.0,2.0,5.0,85.52915767,0.0,14.47084233,0.5,30.0,0.5,4.276457883,0.8,120.0,924.7552906,1.49901
9,80.0,75.0,50.0,100.0,0.0,0.0,0.0,100.0,0.0,0.5,0.25,125.0,1100.0,3.9377
322,120.0,3.33,6.25,85.52915767,0.0,14.47084233,0.5,40.0,0.5,1.710583153,2.0,120.0,870.0,2.437
410,70.0,3.401700251,5.0,74.37742114,16.76812396,8.854454898,0.176,30.0,0.333,0.36458218,0.1,90.0,980.0,3.8829
170,90.0,0.527671846,3.549686161,22.69920545,27.36933045,20.0014641,0.336612078,30.0,0.433214556,1.001370718,0.6,121.7392955,1100.0,2.0035
440,120.0,15.0,6.25,85.52915767,0.0,14.47084233,0.0,46.5,0.57162082,2.305618056,0.4,50.0,1100.0,0.88728
564,110.0,41.50255422,4.0,85.52915767,0.0,14.47084233,0.176470588,100.0,0.176470588,0.769762419,0.5,175.0,1100.0,0.6648
102,55.0,178.7214194,120.0,100.0,0.0,0.0,0.599944605,100.0,4.727635529,1.0,0.9,125.0,1100.0,1.53051
270,80.0,60.0,25.0,0.0,83.55,16.45,0.529163071,30.0,0.527243831,2.5065,0.21,125.0,1100.0,0.801
530,80.0,10.30096611,5.0,85.52915767,0.0,14.47084233,0.25,40.0,0.5,0.4,0.1,90.0,980.0,3.59627
315,27.5,3.33,6.25,85.52915767,0.0,14.47084233,0.5,40.0,0.5,1.710583153,2.0,120.0,870.0,0.821
354,80.0,3.333333333,25.0,85.52915767,0.0,14.47084233,0.11,46.0,0.35,0.196717063,0.25,125.0,1100.0,1.30955
349,60.0,68.38514115,25.0,80.2284846,4.689280639,15.08223476,1.425,46.1,0.37,1.273766479,0.4,175.0,1100.0,0.72159
143,80.0,9.267659843,1.0,51.317496,0.0,24.702,0.176470588,20.0,0.176470588,1.02634992,0.5,125.0,1100.0,1.54832
61,30.0,10.0,20.0,100.0,0.0,0.0,0.428571429,100.0,0.428571429,2.5,1.0,88.0,1100.0,0.86187183
269,80.0,60.0,25.0,0.0,83.55,16.45,1.166449873,0.0,0.930610563,2.5065,0.7,125.0,1100.0,0.72
458,60.0,4.0,5.0,74.37742114,16.76812396,8.854454898,0.2,30.0,0.3,0.36458218,0.1,90.0,1000.0,2.73914
115,80.0,50.0,4.0,85.52915767,0.0,14.47084233,0.111111111,20.0,0.428571429,0.38,0.2,50.0,1100.0,4.42575
85,80.0,25.0,17.64,85.52915767,0.0,14.47084233,0.286056419,57.86464151,0.231387366,2.25,0.8,175.0,1100.0,2.63079
48,80.0,50.0,4.0,85.52915767,0.0,14.47084233,0.33,40.0,0.33,0.427645788,0.5,50.0,1100.0,1.92591
360,80.0,250.0,86.0,0.0,0.0,0.0,0.0,68.0,0.0,0.15,0.15,175.0,1100.0,1.58417
136,70.0,73.67296446,25.0,85.52915767,0.0,14.47084233,0.326579634,100.0,0.303370427,0.855291577,0.3,175.0,1100.0,1.6213
133,80.0,3.0,1.0,38.48805,0.0,17.7521,0.083333333,40.0,0.333,0.288660375,0.2,50.0,1100.320347,6.06341155
361,20.0,40.0,5.0,74.37742114,16.76812396,8.854454898,0.53281198,100.0,1.035837366,2.734366353,3.0,125.0,1100.0,0.48174
340,80.0,5.0,5.0,75.0,0.0,17.5,0.13,4.8,0.25,0.2,0.025,50.0,1100.0,2.45758
451,60.0,4.0,5.0,74.37742114,16.76812396,8.854454898,0.2,30.0,0.3,1.367183177,0.1,90.0,1000.0,3.14131
